form	lemma	POS	morph
¶	¶	PONfrt	MORPH=empty
Les	le	DETdef	NOMB.=p|GENRE=m
grans	grand	ADJqua	NOMB.=p|GENRE=m
pardons	pardon	NOMcom	NOMB.=p|GENRE=m
et	et	CONcoo	MORPH=empty
indulgences	indulgence	NOMcom	NOMB.=p|GENRE=f
/	/	PONfbl	MORPH=empty
le	le	DETdef	NOMB.=s|GENRE=m
tres	très	ADVgen	MORPH=empty
grand	grand	ADJqua	NOMB.=s|GENRE=m
Jubile	jubilé	NOMcom	NOMB.=s|GENRE=m
de	de	PRE	MORPH=empty
plainiere	plainière	ADJqua	NOMB.=s|GENRE=f
remission	rémission	NOMcom	NOMB.=s|GENRE=f
de	de	PRE	MORPH=empty
peine	peine	NOMcom	NOMB.=s|GENRE=f
et	et	CONcoo	MORPH=empty
de	de	PRE	MORPH=empty
coulpe	coulpe	NOMcom	NOMB.=s|GENRE=f
a	à	PRE	MORPH=empty
tous	tout	DETind	NOMB.=p|GENRE=m
les	le	DETdef	NOMB.=p|GENRE=m
confraires	confrère	NOMcom	NOMB.=p|GENRE=m
de	de	PRE	MORPH=empty
la	le	DETdef	NOMB.=s|GENRE=f
tres	très	ADVgen	MORPH=empty
sacree	sacré	ADJqua	NOMB.=s|GENRE=f
confrairie	confrérie	NOMcom	NOMB.=s|GENRE=f
du	de_le	PRE.DETdef	NOMB.=s|GENRE=m
sainct	saint	ADJqua	NOMB.=s|GENRE=m
esperit	esprit	NOMcom	NOMB.=s|GENRE=m
:	:	PONfbl	MORPH=empty
que	que	PROrel	NOMB.=s|GENRE=m|CAS=r
nostre	notre	DETpos	PERS.=4|NOMB.=s|GENRE=m
sainct	saint	ADJqua	NOMB.=s|GENRE=m
pere	père	NOMcom	NOMB.=s|GENRE=m
paravant	paravent	ADVgen	MORPH=empty
avoit	avoir	VERcjg	MODE=ind|TEMPS=ipf|PERS.=3|NOMB.=s
promis	promettre	VERppe	NOMB.=s|GENRE=m
par	par	PRE	MORPH=empty
ses	son	DETpos	PERS.=3|NOMB.=p|GENRE=m
sainctz	saint	ADJqua	NOMB.=p|GENRE=m
prophetes	prophète	NOMcom	NOMB.=p|GENRE=m
,	,	PONfbl	MORPH=empty
et	et	CONcoo	MORPH=empty
ordonne	ordonner	VERcjg	MODE=ind|TEMPS=pst|PERS.=3|NOMB.=s
et	et	CONcoo	MORPH=empty
conferme	confirmer	VERcjg	MODE=ind|TEMPS=pst|PERS.=3|NOMB.=s
par	par	PRE	MORPH=empty
nostre	notre	DETpos	PERS.=4|NOMB.=s|GENRE=m
seigneur	seigneur	NOMcom	NOMB.=s|GENRE=m
Jesuchrist	jésuchrist	NOMpro	MORPH=empty
son	son	DETpos	PERS.=3|NOMB.=s|GENRE=m
seul	seul	ADJqua	NOMB.=s|GENRE=m
et	et	CONcoo	MORPH=empty
tres	très	ADVgen	MORPH=empty
ayme	aimer	VERppe	NOMB.=s|GENRE=m
filz	fils	NOMcom	NOMB.=s|GENRE=m
/	/	PONfbl	MORPH=empty
et	et	CONcoo	MORPH=empty
de	de	PRE	MORPH=empty
rechief	rechef	NOMcom	NOMB.=s|GENRE=m
veult	vouloir	VERcjg	MODE=ind|TEMPS=pst|PERS.=3|NOMB.=s
qu'	que	CONsub	MORPH=empty
on	on	PROind	PERS.=3|NOMB.=s|CAS=n
publie	publier	VERcjg	MODE=sub|TEMPS=pst|PERS.=3|NOMB.=s
et	et	CONcoo	MORPH=empty
adnunce	annoncer	VERcjg	MODE=sub|TEMPS=pst|PERS.=3|NOMB.=s
par	par	PRE	MORPH=empty
tout	tout	DETind	NOMB.=s|GENRE=m
le	le	DETdef	NOMB.=s|GENRE=m
monde	monde	NOMcom	NOMB.=s|GENRE=m
/	/	PONfbl	MORPH=empty
comme	comme	CONsub	MORPH=empty
il	il	PROper	PERS.=3|NOMB.=s|GENRE=m|CAS=n
avoit	avoir	VERcjg	MODE=ind|TEMPS=ipf|PERS.=3|NOMB.=s
commande	commandé	VERppe	NOMB.=x|GENRE=x
a	à	PRE	MORPH=empty
ses	son	DETpos	PERS.=6|NOMB.=p|GENRE=m
apostres	apôtre	NOMcom	NOMB.=p|GENRE=m
/	/	PONfbl	MORPH=empty
affin	afin	CONcoo	MORPH=empty
que	que	CONsub	MORPH=empty
tous	tout	PROind	NOMB.=p|GENRE=m
soyent	être	VERcjg	MODE=sub|TEMPS=pst|PERS.=6|NOMB.=p
de	de	PRE	MORPH=empty
la	le	DETdef	NOMB.=s|GENRE=f
digne	digne	ADJqua	NOMB.=s|GENRE=f
confrairie	confrérie	NOMcom	NOMB.=s|GENRE=f
.	.	PONfrt	MORPH=empty
¶	¶	PONfrt	MORPH=empty
Proest	@latin	ETR	MORPH=empty
gheesten	@dutch	ETR	MORPH=empty
.	.	PONfrt	MORPH=empty
1	@card	PROcar	NOMB.=s|GENRE=m|CAS=n
.	.	PONfrt	MORPH=empty
Joan	@bible	NOMpro	NOMB.=s|GENRE=m
.	.	PONfrt	MORPH=empty
4	@card	PROcar	NOMB.=s|GENRE=m|CAS=n
.	.	PONfrt	MORPH=empty
¶	¶	PONfrt	MORPH=empty
Nouvellement	nouvellement	ADVgen	MORPH=empty
imprime	imprimer	VERppe	NOMB.=s|GENRE=m
a	à	PRE	MORPH=empty
Gand	Gand	NOMpro	NOMB.=s|GENRE=x
par	par	PRE	MORPH=empty
Pieter	Pieter	NOMpro	NOMB.=s|GENRE=m
van	van	NOMpro	NOMB.=s|GENRE=x
winghue	Winghue	NOMpro	NOMB.=s|GENRE=x
.	.	PONfrt	MORPH=empty
NOstre	notre	DETpos	PERS.=4|NOMB.=s|GENRE=m
sainct	saint	ADJqua	NOMB.=s|GENRE=m
pere	père	NOMcom	NOMB.=s|GENRE=m
,	,	PONfbl	MORPH=empty
lequel	lequel	PROrel	NOMB.=s|GENRE=m|CAS=n
seul	seul	ADJqua	NOMB.=s|GENRE=m
on	on	PROind	PERS.=3|NOMB.=s|CAS=n
doibt	devoir	VERcjg	MODE=ind|TEMPS=pst|PERS.=3|NOMB.=s
nommer	nommer	VERinf	MORPH=empty
pere	père	NOMcom	NOMB.=s|GENRE=m
sainct	saint	ADJqua	NOMB.=p|GENRE=m
de	de	PRE	MORPH=empty
tous	tout	DETind	NOMB.=p|GENRE=m
les	le	DETdef	NOMB.=p|GENRE=m
fideles	fidèle	NOMcom	NOMB.=p|GENRE=m
vray	vrai	ADJqua	NOMB.=p|GENRE=m
dieu	Dieu	NOMpro	NOMB.=s|GENRE=m
eternel	éternel	ADJqua	NOMB.=s|GENRE=m
,	,	PONfbl	MORPH=empty
faisant	faire	VERppa	NOMB.=s|GENRE=m
tout	tout	PROind	NOMB.=s|GENRE=m
ce	ce	PROdem	NOMB.=s|GENRE=n
qu'	que	PROrel	NOMB.=s|GENRE=n|CAS=r
il	il	PROper	PERS.=3|NOMB.=s|GENRE=m|CAS=n
veult	vouloir	VERcjg	MODE=ind|TEMPS=pst|PERS.=3|NOMB.=s
au	à_le	PRE.DETdef	NOMB.=s|GENRE=m
ciel	ciel	NOMcom	NOMB.=s|GENRE=m
et	et	CONcoo	MORPH=empty
en	en	ADVgen	MORPH=empty
la	le	DETdef	NOMB.=s|GENRE=f
terre	terre	NOMcom	NOMB.=s|GENRE=f
seul	seul	ADJqua	NOMB.=s|GENRE=m
bon	bon	ADJqua	NOMB.=s|GENRE=m
et	et	CONcoo	MORPH=empty
seul	seul	ADJqua	NOMB.=s|GENRE=m
saige	sage	NOMcom	NOMB.=s|GENRE=m
,	,	PONfbl	MORPH=empty
plainement	plainement	ADVgen	MORPH=empty
adverty	avertir	VERppe	NOMB.=s|GENRE=m
et	et	CONcoo	MORPH=empty
informe	informer	VERppe	NOMB.=s|GENRE=m
par	par	PRE	MORPH=empty
sa	son	DETpos	PERS.=3|NOMB.=s|GENRE=f
tres	très	ADVgen	MORPH=empty
grande	grand	ADJqua	NOMB.=s|GENRE=f
providence	providence	NOMcom	NOMB.=s|GENRE=f
des	de_le	PRE.DETdef	NOMB.=p|GENRE=m
biens	bien	NOMcom	NOMB.=p|GENRE=m
qui	qui	PROrel	NOMB.=p|GENRE=m|CAS=n
de	de	PRE	MORPH=empty
jour	jour	NOMcom	NOMB.=s|GENRE=m
en	en	PRE	MORPH=empty
jour	jour	NOMcom	NOMB.=s|GENRE=m
se	se	PROper	PERS.=3|NOMB.=s|GENRE=m|CAS=n
font	faire	VERcjg	MODE=ind|TEMPS=pst|PERS.=6|NOMB.=p
en	en	ADVgen	MORPH=empty
la	le	DETdef	NOMB.=s|GENRE=f
saincte	saint	ADJqua	NOMB.=s|GENRE=f
confrairie	confrérie	NOMcom	NOMB.=s|GENRE=f
du	de_le	PRE.DETdef	NOMB.=s|GENRE=m
sainct	saint	ADJqua	NOMB.=s|GENRE=m
esperit	esprit	NOMcom	NOMB.=s|GENRE=m
,	,	PONfbl	MORPH=empty
sans	sans	PRE	MORPH=empty
lequel	lequel	PROrel	NOMB.=s|GENRE=m|CAS=i
personne	personne	PROind	NOMB.=s|GENRE=x|CAS=n
ne	ne	ADVneg	MORPH=empty
luy	il	PROper	PERS.=3|NOMB.=s|CAS=i
peult	pouvoir	VERcjg	MODE=ind|TEMPS=pst|PERS.=3|NOMB.=s
plaire	plaire	VERinf	MORPH=empty
ny	ni	PROadv	MORPH=empty
estre	être	VERinf	MORPH=empty
de	de	PRE	MORPH=empty
Jesus	Jésus	NOMpro	NOMB.=s|GENRE=m
son	son	DETpos	PERS.=3|NOMB.=s|GENRE=m
filz	fils	NOMcom	NOMB.=s|GENRE=m
.	.	PONfrt	MORPH=empty
Et	et	CONcoo	MORPH=empty
aussi	aussi	ADVgen	MORPH=empty
comment	comment	ADVsub	MORPH=empty
la	le	DETdef	NOMB.=s|GENRE=f
conservation	conservation	NOMcom	NOMB.=s|GENRE=f
de	de	PRE	MORPH=empty
ceste	ce	DETdem	NOMB.=s|GENRE=f
tres	très	ADVgen	MORPH=empty
digne	digne	ADJqua	NOMB.=s|GENRE=f
confrairie	confrérie	NOMcom	NOMB.=s|GENRE=f
et	et	CONcoo	MORPH=empty
l'	le	DETdef	NOMB.=s|GENRE=f
augmentation	augmentation	NOMcom	NOMB.=s|GENRE=f
et	et	CONcoo	MORPH=empty
accroissement	accroissement	NOMcom	NOMB.=s|GENRE=m
d'	de	PRE	MORPH=empty
icelle	cil	PROdem	PERS.=3|NOMB.=s|GENRE=f|CAS=i
est	être	VERcjg	MODE=ind|TEMPS=pst|PERS.=3|NOMB.=s
fort	fort	ADVgen	MORPH=empty
et	et	CONcoo	MORPH=empty
tres	très	ADVgen	MORPH=empty
grandement	grandement	ADVgen	MORPH=empty
necessaire	nécessaire	ADJqua	NOMB.=s|GENRE=m
a	à	PRE	MORPH=empty
garder	garder	VERinf	MORPH=empty
/	/	PONfbl	MORPH=empty
maintenir	maintenir	VERinf	MORPH=empty
/	/	PONfbl	MORPH=empty
et	et	CONcoo	MORPH=empty
entretenir	entretenir	VERinf	MORPH=empty
la	le	DETdef	NOMB.=s|GENRE=f
chrestiente	chrétienté	NOMcom	NOMB.=s|GENRE=f
et	et	CONcoo	MORPH=empty
pour	pour	PRE	MORPH=empty
la	le	PROper	PERS.=3|NOMB.=s|GENRE=f|CAS=r
faire	faire	VERinf	MORPH=empty
fleurir	fleurir	VERinf	MORPH=empty
/	/	PONfbl	MORPH=empty
croistre	croître	VERinf	MORPH=empty
/	/	PONfbl	MORPH=empty
et	et	CONcoo	MORPH=empty
augmenter	augmenter	VERinf	MORPH=empty
:	:	PONfbl	MORPH=empty
et	et	CONcoo	MORPH=empty
aussi	aussi	ADVgen	MORPH=empty
grandement	grandement	ADVgen	MORPH=empty
sert	servir	VERcjg	MODE=ind|TEMPS=pst|PERS.=3|NOMB.=s
a	à	PRE	MORPH=empty
surmonter	surmonter	VERinf	MORPH=empty
/	/	PONfbl	MORPH=empty
vaincre	vaincre	VERinf	MORPH=empty
/	/	PONfbl	MORPH=empty
et	et	CONcoo	MORPH=empty
destruire	détruire	VERinf	MORPH=empty
tous	tout	DETind	NOMB.=p|GENRE=m
infideles	infidèle	ADJqua	NOMB.=p|GENRE=m
et	et	CONcoo	MORPH=empty
ennemys	ennemi	NOMcom	NOMB.=p|GENRE=m
de	de	PRE	MORPH=empty
la	le	DETdef	NOMB.=s|GENRE=f
foy	foi	NOMcom	NOMB.=s|GENRE=f
de	de	PRE	MORPH=empty
nostre	notre	DETpos	PERS.=4|NOMB.=s|GENRE=m
seigneur	seigneur	NOMcom	NOMB.=s|GENRE=m
Jesus	Jésus	NOMpro	NOMB.=s|GENRE=m
,	,	PONfbl	MORPH=empty
de	de	PRE	MORPH=empty
son	son	DETpos	PERS.=3|NOMB.=s|GENRE=m
propre	propre	ADJqua	NOMB.=s|GENRE=m
mouvement	mouvement	NOMcom	NOMB.=s|GENRE=m
non	non	ADVgen	MORPH=empty
par	par	PRE	MORPH=empty
le	le	DETdef	NOMB.=s|GENRE=m
conseil	conseil	NOMcom	NOMB.=s|GENRE=m
ne	ni	ADVneg	MORPH=empty
requeste	requête	NOMcom	NOMB.=s|GENRE=f
de	de	PRE	MORPH=empty
personne	personne	PROind	NOMB.=s|GENRE=x|CAS=n
/	/	PONfbl	MORPH=empty
mais	mais	CONcoo	MORPH=empty
pour	pour	PRE	MORPH=empty
l'	le	DETdef	NOMB.=s|GENRE=m
amour	amour	NOMcom	NOMB.=s|GENRE=m
de	de	PRE	MORPH=empty
soymesmes	soi-même	PROper	NOMB.=p|GENRE=f
a	avoir	VERcjg	MODE=ind|TEMPS=pst|PERS.=3|NOMB.=s
voulu	vouloir	VERppe	NOMB.=x|GENRE=x
et	et	CONcoo	MORPH=empty
ordonne	ordonner	VERppe	NOMB.=x|GENRE=x
/	/	PONfbl	MORPH=empty
et	et	CONcoo	MORPH=empty
par	par	PRE	MORPH=empty
sa	son	DETpos	PERS.=3|NOMB.=s|GENRE=f
saincte	saint	ADJqua	NOMB.=s|GENRE=f
parolle	parole	NOMcom	NOMB.=s|GENRE=f
veult	vouloir	VERcjg	MODE=ind|TEMPS=pst|PERS.=3|NOMB.=s
et	et	CONcoo	MORPH=empty
ordonne	ordonner	VERcjg	MODE=ind|TEMPS=pst|PERS.=3|NOMB.=s
et	et	CONcoo	MORPH=empty
commande	commander	VERcjg	MODE=ind|TEMPS=pst|PERS.=3|NOMB.=s
expressement	expressément	ADVgen	MORPH=empty
que	que	CONsub	MORPH=empty
ceste	ce	DETdem	NOMB.=s|GENRE=f
noble	noble	ADJqua	NOMB.=s|GENRE=f
confrairie	confrérie	NOMcom	NOMB.=s|GENRE=f
soit	être	VERcjg	MODE=sub|TEMPS=pst|PERS.=3|NOMB.=s
adnuncee	annoncer	VERppe	NOMB.=s|GENRE=f
/	/	PONfbl	MORPH=empty
publiee	publier	VERppe	NOMB.=s|GENRE=f
/	/	PONfbl	MORPH=empty
et	et	CONcoo	MORPH=empty
preschee	prêcher	VERppe	NOMB.=s|GENRE=f
a	à	PRE	MORPH=empty
toutes	tout	DETind	NOMB.=p|GENRE=f
gens	gens	NOMcom	NOMB.=p|GENRE=f
/	/	PONfbl	MORPH=empty
nations	nation	NOMcom	NOMB.=p|GENRE=f
/	/	PONfbl	MORPH=empty
langues	langue	NOMcom	NOMB.=p|GENRE=f
de	de	PRE	MORPH=empty
quelque	quelque	DETind	NOMB.=s|GENRE=m
estat	état	NOMcom	NOMB.=s|GENRE=m
/	/	PONfbl	MORPH=empty
sexe	sexe	NOMcom	NOMB.=s|GENRE=m
/	/	PONfbl	MORPH=empty
condition	condition	NOMcom	NOMB.=s|GENRE=f
qu'	que	CONsub	MORPH=empty
ilz	il	PROper	PERS.=6|NOMB.=p|GENRE=m|CAS=n
soyent	être	VERcjg	MODE=sub|TEMPS=pst|PERS.=6|NOMB.=p
:	:	PONfbl	MORPH=empty
ensemble	ensemble	ADVgen	MORPH=empty
les	le	DETdef	NOMB.=p|GENRE=m
grandes	grand	ADJqua	NOMB.=p|GENRE=f
graces	grâce	NOMcom	NOMB.=p|GENRE=f
/	/	PONfbl	MORPH=empty
privileges	privilège	NOMcom	NOMB.=p|GENRE=m
/	/	PONfbl	MORPH=empty
pardons	pardon	NOMcom	NOMB.=p|GENRE=m
/	/	PONfbl	MORPH=empty
et	et	CONcoo	MORPH=empty
indulgences	indulgence	ADJqua	NOMB.=p|GENRE=f
que	que	PROrel	NOMB.=p|GENRE=m|CAS=r
nostre	notre	DETpos	PERS.=4|NOMB.=s|GENRE=m
sainct	saint	ADJqua	NOMB.=s|GENRE=m
pere	père	NOMcom	NOMB.=s|GENRE=m
ouvrant	ouvrir	VERppa	NOMB.=s|GENRE=m
tous	tout	DETind	NOMB.=p|GENRE=m
les	le	DETdef	NOMB.=p|GENRE=m
thresors	trésor	NOMcom	NOMB.=p|GENRE=m
de	de	PRE	MORPH=empty
sa	son	DETpos	PERS.=3|NOMB.=s|GENRE=f
bonte	bonté	NOMcom	NOMB.=s|GENRE=f
infinie	infini	ADJqua	NOMB.=s|GENRE=f
donne	donner	VERcjg	MODE=ind|TEMPS=pst|PERS.=3|NOMB.=s
et	et	CONcoo	MORPH=empty
octroye	octroyer	VERcjg	MODE=ind|TEMPS=pst|PERS.=3|NOMB.=s
a	à	PRE	MORPH=empty
perpetuite	perpétuité	NOMcom	NOMB.=s|GENRE=f
a	à	PRE	MORPH=empty
tous	tout	PROind	NOMB.=p|GENRE=m|CAS=i
ceulx	celui	PROdem	NOMB.=p|GENRE=m
et	et	CONcoo	MORPH=empty
celles	celui	PROdem	NOMB.=p|GENRE=f
qui	qui	PROrel	NOMB.=p|GENRE=m|CAS=n
seront	être	VERcjg	MODE=ind|TEMPS=fut|PERS.=6|NOMB.=p
de	de	PRE	MORPH=empty
ceste	ce	DETdem	NOMB.=s|GENRE=f
tres	très	ADVgen	MORPH=empty
excellente	excellent	ADJqua	NOMB.=s|GENRE=f
confrairie	confrérie	NOMcom	NOMB.=s|GENRE=f
,	,	PONfbl	MORPH=empty
commandant	commander	VERppa	NOMB.=s|GENRE=m
a	à	PRE	MORPH=empty
tous	tout	PROind	NOMB.=p|GENRE=m|CAS=i
et	et	CONcoo	MORPH=empty
toutes	tout	PROind	NOMB.=p|GENRE=f|CAS=i
de	de	PRE	MORPH=empty
quelque	quelque	DETind	NOMB.=s|GENRE=m
estat	état	NOMcom	NOMB.=s|GENRE=m
et	et	CONcoo	MORPH=empty
condition	condition	NOMcom	NOMB.=s|GENRE=f
qu'	que	PROrel	NOMB.=p|GENRE=m|CAS=r
ilz	il	PROper	PERS.=6|NOMB.=p|GENRE=m|CAS=n
soyent	être	VERcjg	MODE=sub|TEMPS=pst|PERS.=6|NOMB.=p
de	de	PRE	MORPH=empty
ouyr	ouïr	VERinf	MORPH=empty
et	et	CONcoo	MORPH=empty
entendre	entendre	VERinf	MORPH=empty
ces	ce	DETdem	NOMB.=p|GENRE=m
beaulx	beau	ADJqua	NOMB.=p|GENRE=m
et	et	CONcoo	MORPH=empty
grans	grand	ADJqua	NOMB.=p|GENRE=m
pardons	pardon	NOMcom	NOMB.=p|GENRE=m
et	et	CONcoo	MORPH=empty
les	le	PROper	PERS.=6|NOMB.=p|GENRE=m|CAS=r
gaigner	gagner	VERinf	MORPH=empty
entrant	entrer	VERppa	NOMB.=s|GENRE=m
en	en	ADVgen	MORPH=empty
ceste	ce	DETdem	NOMB.=s|GENRE=f
confrairie	confrérie	NOMcom	NOMB.=s|GENRE=f
:	:	PONfbl	MORPH=empty
et	et	CONcoo	MORPH=empty
ce	ce	DETdem	NOMB.=s|GENRE=n
en	en	ADVgen	MORPH=empty
vertu	vertu	NOMcom	NOMB.=s|GENRE=f
d'	de	PRE	MORPH=empty
obedience	obédience	NOMcom	NOMB.=s|GENRE=f
et	et	CONcoo	MORPH=empty
sus	sus	PRE	MORPH=empty
la	le	DETdef	NOMB.=s|GENRE=f
peine	peine	NOMcom	NOMB.=s|GENRE=f
de	de	PRE	MORPH=empty
malediction	malédiction	NOMcom	NOMB.=s|GENRE=f
et	et	CONcoo	MORPH=empty
damnation	damnation	NOMcom	NOMB.=s|GENRE=f
eternelle	éternel	ADJqua	NOMB.=s|GENRE=f
/	/	PONfbl	MORPH=empty
sans	sans	PRE	MORPH=empty
reserver	réserver	VERinf	MORPH=empty
nully	nully	ADVgen	MORPH=empty
apres	après	PRE	MORPH=empty
la	le	DETdef	NOMB.=s|GENRE=f
publication	publication	NOMcom	NOMB.=s|GENRE=f
desdictz	de_ledit	PRE.DETcom	NOMB.=p|GENRE=m
pardons	pardon	NOMcom	NOMB.=p|GENRE=m
/	/	PONfbl	MORPH=empty
commande	commander	VERcjg	MODE=ind|TEMPS=pst|PERS.=3|NOMB.=s
qu'	que	CONsub	MORPH=empty
on	on	PROind	PERS.=3|NOMB.=s|CAS=n
les	le	PROper	PERS.=6|NOMB.=p|GENRE=m|CAS=r
prengne	prendre	VERcjg	MODE=sub|TEMPS=pst|PERS.=3|NOMB.=s
et	et	CONcoo	MORPH=empty
gaigne	gagner	VERcjg	MODE=sub|TEMPS=pst|PERS.=3|NOMB.=s
entrant	entrer	VERppa	NOMB.=s|GENRE=m
ladicte	ledit	DETcom	NOMB.=s|GENRE=f
confrairie	confrérie	NOMcom	NOMB.=s|GENRE=f
estant	être	VERppa	NOMB.=s|GENRE=m
des	un	DETndf	NOMB.=p|GENRE=m
confraires	confrère	NOMcom	NOMB.=p|GENRE=m
d'	de	PRE	MORPH=empty
icelle	cil	PROdem	PERS.=3|NOMB.=s|GENRE=f|CAS=i
.	.	PONfrt	MORPH=empty
Anathematizant	anathématiser	VERppa	NOMB.=s|GENRE=m
/	/	PONfbl	MORPH=empty
excommuniant	excommunier	VERppa	NOMB.=s|GENRE=m
/	/	PONfbl	MORPH=empty
et	et	CONcoo	MORPH=empty
mauldisant	maudire	VERppa	NOMB.=s|GENRE=m
de	de	PRE	MORPH=empty
malediction	malédiction	NOMcom	NOMB.=s|GENRE=f
eternelle	éternel	ADJqua	NOMB.=s|GENRE=f
ledict	ledit	DETcom	NOMB.=s|GENRE=m
nostre	notre	DETpos	PERS.=4|NOMB.=s|GENRE=m
sainct	saint	ADJqua	NOMB.=s|GENRE=m
pere	père	NOMcom	NOMB.=s|GENRE=m
de	de	PRE	MORPH=empty
sa	son	DETpos	PERS.=3|NOMB.=s|GENRE=f
grande	grand	ADJqua	NOMB.=s|GENRE=f
puissance	puissance	NOMcom	NOMB.=s|GENRE=f
et	et	CONcoo	MORPH=empty
autorite	autorité	NOMcom	NOMB.=s|GENRE=f
tous	tout	PROind	NOMB.=p|GENRE=m|CAS=r
ceulx	celui	PROdem	NOMB.=p|GENRE=m|CAS=r
et	et	CONcoo	MORPH=empty
celles	celui	PROdem	NOMB.=p|GENRE=f|CAS=r
qui	qui	PROrel	NOMB.=p|GENRE=m|CAS=n
de	de	PRE	MORPH=empty
faict	fait	NOMcom	NOMB.=s|GENRE=m
et	et	CONcoo	MORPH=empty
de	de	PRE	MORPH=empty
certaine	certain	DETind	NOMB.=s|GENRE=f
science	science	NOMcom	NOMB.=s|GENRE=f
et	et	CONcoo	MORPH=empty
malice	malice	NOMcom	NOMB.=s|GENRE=f
et	et	CONcoo	MORPH=empty
meschancete	méchanceté	NOMcom	NOMB.=s|GENRE=f
empescheront	empêcher	VERcjg	MODE=ind|TEMPS=fut|PERS.=6|NOMB.=p
comment	comment	ADVsub	MORPH=empty
qu'	que	CONsub	MORPH=empty
il	il	PROper	PERS.=3|NOMB.=s|GENRE=m|CAS=n
soit	être	VERcjg	MODE=sub|TEMPS=pst|PERS.=3|NOMB.=s
la	le	DETdef	NOMB.=s|GENRE=f
publication	publication	NOMcom	NOMB.=s|GENRE=f
et	et	CONcoo	MORPH=empty
adnunciation	annonciation	NOMcom	NOMB.=s|GENRE=f
de	de	PRE	MORPH=empty
ces	ce	DETdem	NOMB.=p|GENRE=m
tres	très	ADVgen	MORPH=empty
grans	grand	ADJqua	NOMB.=p|GENRE=m
pardons	pardon	NOMcom	NOMB.=p|GENRE=m
/	/	PONfbl	MORPH=empty
et	et	CONcoo	MORPH=empty
ceulx	celui	PROdem	NOMB.=p|GENRE=m
et	et	CONcoo	MORPH=empty
celles	celui	PROdem	NOMB.=p|GENRE=f
qui	qui	PROrel	NOMB.=p|GENRE=m|CAS=n
ont	avoir	VERcjg	MODE=ind|TEMPS=pst|PERS.=6|NOMB.=p
desir	désir	NOMcom	NOMB.=s|GENRE=m
de	de	PRE	MORPH=empty
les	le	PROper	PERS.=6|NOMB.=p|GENRE=m|CAS=r
prendre	prendre	VERinf	MORPH=empty
et	et	CONcoo	MORPH=empty
soy	se	PROper	PERS.=3|NOMB.=s|CAS=x
mettre	mettre	VERinf	MORPH=empty
en	en	ADVgen	MORPH=empty
ceste	ce	DETdem	NOMB.=s|GENRE=f
divine	divin	ADJqua	NOMB.=s|GENRE=f
confrairie	confrérie	NOMcom	NOMB.=s|GENRE=f
,	,	PONfbl	MORPH=empty
tous	tout	PROind	NOMB.=p|GENRE=m|CAS=r
qui	qui	PROrel	NOMB.=p|GENRE=m|CAS=n
donnent	donner	VERcjg	MODE=ind|TEMPS=pst|PERS.=6|NOMB.=p
empeschement	empêchement	NOMcom	NOMB.=s|GENRE=m
par	par	PRE	MORPH=empty
eulx	il	NOMcom	NOMB.=p|GENRE=m
ou	ou	CONcoo	MORPH=empty
par	par	PRE	MORPH=empty
aultres	autre	NOMcom	NOMB.=p|GENRE=m
.	.	PONfrt	MORPH=empty
Semblablement	semblablement	ADVgen	MORPH=empty
tous	tout	PROind	NOMB.=p|GENRE=m|CAS=n
murmurateurs	murmurateur	NOMcom	NOMB.=p|GENRE=m
/	/	PONfbl	MORPH=empty
blasphemateurs	blasphémateur	NOMcom	NOMB.=p|GENRE=m
/	/	PONfbl	MORPH=empty
et	et	CONcoo	MORPH=empty
mesdisans	médire	VERppa	NOMB.=p|GENRE=m
,	,	PONfbl	MORPH=empty
qui	qui	PROrel	NOMB.=p|GENRE=m|CAS=n
directement	directement	ADVgen	MORPH=empty
ou	ou	CONcoo	MORPH=empty
indirectement	indirectement	ADVgen	MORPH=empty
par	par	PRE	MORPH=empty
eulx	il	NOMcom	NOMB.=p|GENRE=m
ou	ou	CONcoo	MORPH=empty
par	par	PRE	MORPH=empty
aultres	autre	NOMcom	NOMB.=p|GENRE=m
viennent	venir	VERcjg	MODE=sub|TEMPS=pst|PERS.=6|NOMB.=p
contredire	contredire	VERinf	MORPH=empty
au	à_le	PRE.DETdef	NOMB.=s|GENRE=m
sainct	saint	ADJqua	NOMB.=s|GENRE=m
esperit	esprit	NOMcom	NOMB.=s|GENRE=m
et	et	CONcoo	MORPH=empty
mespriser	mépriser	VERinf	MORPH=empty
sa	son	DETpos	PERS.=3|NOMB.=s|GENRE=f
saincte	saint	ADJqua	NOMB.=s|GENRE=f
confrairie	confrérie	NOMcom	NOMB.=s|GENRE=f
sont	être	VERcjg	MODE=ind|TEMPS=pst|PERS.=6|NOMB.=p
anathematisez	anathématiser	VERppe	NOMB.=p|GENRE=m
/	/	PONfbl	MORPH=empty
excommuniez	excommunier	VERppe	NOMB.=p|GENRE=m
/	/	PONfbl	MORPH=empty
et	et	CONcoo	MORPH=empty
mauldictz	maudire	VERppe	NOMB.=p|GENRE=m
de	de	PRE	MORPH=empty
malediction	malédiction	NOMcom	NOMB.=s|GENRE=f
eternelle	éternel	ADJqua	NOMB.=s|GENRE=f
.	.	PONfrt	MORPH=empty
Voulant	vouloir	VERppa	NOMB.=s|GENRE=m
neantmoins	néanmoins	ADVgen	MORPH=empty
nostredict	notredit	ADVgen	MORPH=empty
sainct	saint	ADJqua	NOMB.=s|GENRE=m
pere	père	NOMcom	NOMB.=s|GENRE=m
que	que	CONsub	MORPH=empty
les	le	DETdef	NOMB.=p|GENRE=m
poures	pauvre	ADJqua	NOMB.=p|GENRE=m
ignorans	ignorer	VERppa	NOMB.=p|GENRE=m
qui	qui	PROrel	NOMB.=p|GENRE=m|CAS=n
n'	ne	ADVneg	MORPH=empty
ont	avoir	VERcjg	MODE=ind|TEMPS=pst|PERS.=6|NOMB.=p
aucune	aucun	DETind	NOMB.=s|GENRE=f
cognoissance	connaissance	NOMcom	NOMB.=s|GENRE=f
de	de	PRE	MORPH=empty
la	le	DETdef	NOMB.=s|GENRE=f
presente	présent	ADJqua	NOMB.=s|GENRE=f
confrairie	confrérie	NOMcom	NOMB.=s|GENRE=f
soyent	être	VERcjg	MODE=sub|TEMPS=pst|PERS.=6|NOMB.=p
admonestez	admonester	VERppe	NOMB.=p|GENRE=m
amyablement	aimablement	ADVgen	MORPH=empty
en	en	ADVgen	MORPH=empty
toute	tout	ADJqua	NOMB.=s|GENRE=f
charite	charité	NOMcom	NOMB.=s|GENRE=f
,	,	PONfbl	MORPH=empty
et	et	CONcoo	MORPH=empty
qu'	que	CONsub	MORPH=empty
on	on	PROind	PERS.=3|NOMB.=s|CAS=n
leur	il	PROper	PERS.=6|NOMB.=s
monstre	montrer	VERcjg	MODE=ind|TEMPS=pst|PERS.=3|NOMB.=s
et	et	CONcoo	MORPH=empty
donne	donner	VERcjg	MODE=ind|TEMPS=pst|PERS.=3|NOMB.=s
a	à	PRE	MORPH=empty
entendre	entendre	VERinf	MORPH=empty
benignement	bénignement	ADVgen	MORPH=empty
et	et	CONcoo	MORPH=empty
clairement	clairement	ADVgen	MORPH=empty
les	le	DETdef	NOMB.=p|GENRE=m
grans	grand	ADJqua	NOMB.=p|GENRE=m
biens	bien	NOMcom	NOMB.=p|GENRE=m
/	/	PONfbl	MORPH=empty
graces	grâce	NOMcom	NOMB.=p|GENRE=f
/	/	PONfbl	MORPH=empty
et	et	CONcoo	MORPH=empty
privileges	privilège	NOMcom	NOMB.=p|GENRE=m
de	de	PRE	MORPH=empty
ceste	ce	DETdem	NOMB.=s|GENRE=f
saincte	saint	ADJqua	NOMB.=s|GENRE=f
confrairie	confrérie	NOMcom	NOMB.=s|GENRE=f
pour	pour	PRE	MORPH=empty
les	le	PROper	PERS.=6|NOMB.=p|GENRE=m|CAS=r
attirer	attirer	VERinf	MORPH=empty
et	et	CONcoo	MORPH=empty
induyre	induire	VERinf	MORPH=empty
a	à	PRE	MORPH=empty
en	en	PROadv	MORPH=empty
estre	être	VERinf	MORPH=empty
:	:	PONfbl	MORPH=empty
car	car	CONcoo	MORPH=empty
elle	il	PROper	PERS.=3|NOMB.=s|GENRE=f|CAS=n
est	être	VERcjg	MODE=ind|TEMPS=pst|PERS.=3|NOMB.=s
donnee	donner	VERppe	NOMB.=s|GENRE=f
en	en	PRE	MORPH=empty
salut	salut	NOMcom	NOMB.=s|GENRE=m
et	et	CONcoo	MORPH=empty
non	non	ADVgen	MORPH=empty
en	en	ADVgen	MORPH=empty
perdition	perdition	NOMcom	NOMB.=s|GENRE=f
pour	pour	PRE	MORPH=empty
sauver	sauver	VERinf	MORPH=empty
et	et	CONcoo	MORPH=empty
vivifier	vivifier	VERinf	MORPH=empty
,	,	PONfbl	MORPH=empty
non	non	ADVneg	MORPH=empty
point	point	ADVneg	MORPH=empty
pour	pour	PRE	MORPH=empty
destruire	détruire	VERinf	MORPH=empty
et	et	CONcoo	MORPH=empty
tuer	tuer	VERinf	MORPH=empty
.	.	PONfrt	MORPH=empty
Et	et	CONcoo	MORPH=empty
aussi	aussi	ADVgen	MORPH=empty
le	le	DETdef	NOMB.=s|GENRE=m
bon	bon	ADJqua	NOMB.=s|GENRE=m
plaisir	plaisir	NOMcom	NOMB.=s|GENRE=m
de	de	PRE	MORPH=empty
nostre	notre	DETpos	NOMB.=s|GENRE=m
sainct	saint	ADJqua	NOMB.=s|GENRE=m
pere	père	NOMcom	NOMB.=s|GENRE=m
est	être	VERcjg	MODE=ind|TEMPS=pst|PERS.=3|NOMB.=s
,	,	PONfbl	MORPH=empty
que	que	CONsub	MORPH=empty
tous	tout	PROind	PERS.=6|NOMB.=p|GENRE=m|CAS=n
soyent	être	VERcjg	MODE=sub|TEMPS=pst|PERS.=6|NOMB.=p
participans	participer	VERppa	NOMB.=p|GENRE=m
des	de_les	PRE.DETdef	NOMB.=p|GENRE=m
grans	grand	ADJqua	NOMB.=p|GENRE=m
thresors	trésor	NOMcom	NOMB.=p|GENRE=m
de	de	PRE	MORPH=empty
sa	son	DETpos	PERS.=3|NOMB.=s|GENRE=f
bonte	bonté	NOMcom	NOMB.=s|GENRE=f
qu'	que	PROrel	NOMB.=s|GENRE=f|CAS=r
il	il	PROper	PERS.=3|NOMB.=s|GENRE=m|CAS=n
eslargit	élargir	VERcjg	MODE=sub|TEMPS=pst|PERS.=3|NOMB.=s
et	et	CONcoo	MORPH=empty
donne	donner	VERcjg	MODE=sub|TEMPS=pst|PERS.=3|NOMB.=s
a	à	PRE	MORPH=empty
tous	tout	DETind	NOMB.=p|GENRE=m
vrays	vrai	ADJqua	NOMB.=p|GENRE=m
confraires	confrère	NOMcom	NOMB.=p|GENRE=m
qui	qui	PROrel	NOMB.=p|GENRE=m|CAS=r
recoyvent	recevoir	VERcjg	MODE=sub|TEMPS=pst|PERS.=6|NOMB.=p
et	et	CONcoo	MORPH=empty
prennent	prendre	VERcjg	MODE=sub|TEMPS=pst|PERS.=6|NOMB.=p
ces	ce	DETdem	NOMB.=p|GENRE=m
grans	grand	ADJqua	NOMB.=p|GENRE=m
pardons	pardon	NOMcom	NOMB.=p|GENRE=m
.	.	PONfrt	MORPH=empty
Premierement	premièrement	ADVgen	MORPH=empty
ordonne	ordonner	VERcjg	MODE=ind|TEMPS=pst|PERS.=3|NOMB.=s
nostre	notre	DETpos	PERS.=4|NOMB.=s|GENRE=m
sainct	saint	ADJqua	NOMB.=s|GENRE=m
pere	père	NOMcom	NOMB.=s|GENRE=m
,	,	PONfbl	MORPH=empty
que	que	CONsub	MORPH=empty
tous	tout	PROind	PERS.=6|NOMB.=p|GENRE=m|CAS=n
ceulx	celui	PROdem	NOMB.=p|GENRE=m
qui	qui	PROrel	MORPH=empty
des	dès	PRE	MORPH=empty
le	le	DETdef	NOMB.=s|GENRE=m
commencement	commencement	NOMcom	NOMB.=s|GENRE=m
du	de_le	PRE.DETdef	NOMB.=s|GENRE=m
monde	monde	NOMcom	NOMB.=s|GENRE=m
sont	être	VERcjg	MODE=ind|TEMPS=pst|PERS.=6|NOMB.=p
enrolez	enroler	VERppe	NOMB.=p|GENRE=m
et	et	CONcoo	MORPH=empty
escriptz	écrire	VERppe	NOMB.=p|GENRE=m
au	à_le	PRE.DETdef	NOMB.=s|GENRE=m
grand	grand	ADJqua	NOMB.=s|GENRE=m
livre	livre	NOMcom	NOMB.=s|GENRE=m
de	de	PRE	MORPH=empty
vie	vie	NOMcom	NOMB.=s|GENRE=f
/	/	PONfbl	MORPH=empty
lesquelz	lequel	PROrel	PERS.=3|NOMB.=s|GENRE=m|CAS=n
par	par	PRE	MORPH=empty
jesus	Jésus	NOMpro	NOMB.=s|GENRE=m
son	son	DETpos	PERS.=3|NOMB.=s|GENRE=m
filz	fils	NOMcom	NOMB.=s|GENRE=m
luy	il	PROper	PERS.=3|NOMB.=s|GENRE=m|CAS=i
sont	être	VERcjg	MODE=ind|TEMPS=pst|PERS.=6|NOMB.=p
agreables	agréable	ADJqua	NOMB.=p|GENRE=m
,	,	PONfbl	MORPH=empty
qu'	que	CONsub	MORPH=empty
en	en	ADVgen	MORPH=empty
ouyant	ouïr	VERppa	NOMB.=s|GENRE=m
la	le	DETdef	NOMB.=s|GENRE=f
predication	prédication	NOMcom	NOMB.=s|GENRE=f
du	de_le	PRE.DETdef	NOMB.=s|GENRE=m
sainct	saint	ADJqua	NOMB.=s|GENRE=m
evangile	évangile	NOMcom	NOMB.=s|GENRE=m
,	,	PONfbl	MORPH=empty
comment	comment	ADVgen	MORPH=empty
nostre	notre	DETpos	PERS.=4|NOMB.=s|GENRE=m
sainct	saint	ADJqua	NOMB.=s|GENRE=m
pere	père	NOMcom	NOMB.=s|GENRE=m
par	par	PRE	MORPH=empty
sa	son	DETpos	PERS.=3|NOMB.=s|GENRE=f
tres	très	ADVgen	MORPH=empty
grande	grand	ADJqua	NOMB.=s|GENRE=f
charite	charité	NOMcom	NOMB.=s|GENRE=f
a	avoir	VERcjg	MODE=ind|TEMPS=pst|PERS.=3|NOMB.=s
donne	donner	VERppe	NOMB.=x|GENRE=x
son	son	DETpos	PERS.=3|NOMB.=s|GENRE=m
filz	fils	NOMcom	NOMB.=s|GENRE=m
pour	pour	PRE	MORPH=empty
nous	nous	PROper	PERS.=4|NOMB.=p|GENRE=m|CAS=i
croyant	croire	VERppa	NOMB.=s|GENRE=m
fermement	fermement	ADVgen	MORPH=empty
au	à_le	PRE.DETdef	NOMB.=s|GENRE=m
sainct	saint	ADJqua	NOMB.=s|GENRE=m
evangile	évangile	NOMcom	NOMB.=s|GENRE=m
,	,	PONfbl	MORPH=empty
c'	ce	PROdem	NOMB.=s|GENRE=n
est	être	VERcjg	MODE=ind|TEMPS=pst|PERS.=3|NOMB.=s
que	que	CONsub	MORPH=empty
nostre	notre	DETpos	PERS.=4|NOMB.=s|GENRE=m
seigneur	seigneur	NOMcom	NOMB.=s|GENRE=m
Jesus	Jésus	NOMpro	NOMB.=s|GENRE=m
est	être	VERcjg	MODE=ind|TEMPS=pst|PERS.=3|NOMB.=s
mort	mourir	VERppe	NOMB.=s|GENRE=m
pour	pour	PRE	MORPH=empty
noz	notre	DETpos	NOMB.=p|GENRE=m
pechez	péché	VERppe	PERS.=2|NOMB.=p|GENRE=m
et	et	CONcoo	MORPH=empty
est	être	VERcjg	MODE=ind|TEMPS=pst|PERS.=3|NOMB.=s
resuscite	ressusciter	VERppe	NOMB.=s|GENRE=f
pour	pour	PRE	MORPH=empty
nostre	notre	DETpos	PERS.=4|GENRE=f|CAS=i
justification	justification	NOMcom	NOMB.=s|GENRE=f
.	.	PONfrt	MORPH=empty
Par	par	PRE	MORPH=empty
ceste	ce	DETdem	NOMB.=s|GENRE=f
vifve	vif	ADJqua	NOMB.=s|GENRE=f
et	et	CONcoo	MORPH=empty
vraye	vrai	ADJqua	NOMB.=s|GENRE=f
foy	foi	NOMcom	NOMB.=s|GENRE=f
en	en	ADVgen	MORPH=empty
Jesus	Jésus	NOMpro	NOMB.=s|GENRE=m
tous	tout	PROind	PERS.=6|NOMB.=p|GENRE=m|CAS=n
ayent	avoir	VERcjg	MODE=sub|TEMPS=pst|PERS.=6|NOMB.=p
plaine	plein	ADJqua	NOMB.=s|GENRE=f
remission	rémission	NOMcom	NOMB.=s|GENRE=f
de	de	PRE	MORPH=empty
tous	tout	DETind	NOMB.=p|GENRE=m
leurs	leur	DETpos	PERS.=6|NOMB.=p|GENRE=m
pechez	péché	NOMcom	NOMB.=p|GENRE=m
/	/	PONfbl	MORPH=empty
crimes	crime	NOMcom	NOMB.=p|GENRE=m
/	/	PONfbl	MORPH=empty
cas	cas	NOMcom	NOMB.=p|GENRE=m
/	/	PONfbl	MORPH=empty
exces	excès	NOMcom	NOMB.=p|GENRE=m
quelconques	quelconque	PROind	PERS.=6|NOMB.=p|GENRE=m|CAS=n
qu'	que	PROrel	NOMB.=p|GENRE=m|CAS=r
ilz	il	PROper	PERS.=3|NOMB.=p|GENRE=m
soyent	être	VERcjg	MODE=sub|TEMPS=pst|PERS.=6|NOMB.=p
,	,	PONfbl	MORPH=empty
qui	qui	PROrel	MORPH=empty
pevent	pouvoir	VERcjg	MODE=ind|TEMPS=pst|PERS.=6|NOMB.=p
advenir	advenir	VERinf	MORPH=empty
aux	à_le	PRE.DETdef	NOMB.=p|GENRE=m
esleuz	élu	NOMcom	NOMB.=p|GENRE=m
reservez	réserver	VERppe	NOMB.=p|GENRE=m
ou	ou	CONcoo	MORPH=empty
non	non	ADVgen	MORPH=empty
reservez	réserver	VERppe	NOMB.=p|GENRE=m
tant	tant	ADVgen	MORPH=empty
de	de	PRE	MORPH=empty
peine	peine	NOMcom	NOMB.=s|GENRE=f
que	que	CONsub	MORPH=empty
de	de	PRE	MORPH=empty
coulpe	coulpe	NOMcom	NOMB.=s|GENRE=f
,	,	PONfbl	MORPH=empty
les	le	PROper	PERS.=6|NOMB.=p|GENRE=m|CAS=r
assemblant	assembler	VERppa	NOMB.=s|GENRE=m
/	/	PONfbl	MORPH=empty
unissant	unir	VERppa	NOMB.=s|GENRE=m
/	/	PONfbl	MORPH=empty
et	et	CONcoo	MORPH=empty
recevant	recevoir	VERppa	NOMB.=s|GENRE=m
nostredict	notredit	ADVgen	MORPH=empty
sainct	saint	ADJqua	NOMB.=s|GENRE=m
pere	père	NOMcom	NOMB.=s|GENRE=m
en	en	ADVgen	MORPH=empty
sa	son	DETpos	PERS.=3|NOMB.=s|GENRE=f
saincte	saint	ADJqua	NOMB.=s|GENRE=f
eglise	église	NOMcom	NOMB.=s|GENRE=f
,	,	PONfbl	MORPH=empty
c'	ce	PROdem	NOMB.=s|GENRE=n
est	être	VERcjg	MODE=ind|TEMPS=pst|PERS.=3|NOMB.=s
entre	entre	PRE	MORPH=empty
les	le	DETdef	NOMB.=p|GENRE=m
vrays	vrai	ADJqua	NOMB.=p|GENRE=m
membres	membre	NOMcom	NOMB.=p|GENRE=m
de	de	PRE	MORPH=empty
Jesus	Jésus	NOMpro	NOMB.=s|GENRE=m
les	le	PROper	PERS.=6|NOMB.=p|GENRE=m|CAS=r
adoptant	adopter	VERppa	NOMB.=s|GENRE=m
en	en	ADVgen	MORPH=empty
ses	son	DETpos	PERS.=6|NOMB.=p|GENRE=m
filz	fils	NOMcom	NOMB.=p|GENRE=m
et	et	CONcoo	MORPH=empty
heretiers	héritier	NOMcom	NOMB.=p|GENRE=m
/	/	PONfbl	MORPH=empty
heretiers	héritier	NOMcom	NOMB.=p|GENRE=m
avec	avec	PRE	MORPH=empty
Jesus	Jésus	NOMcom	NOMB.=s|GENRE=m
les	le	PROper	PERS.=6|NOMB.=p|GENRE=m|CAS=r
faisant	faire	VERppa	MORPH=empty
estre	être	VERinf	MORPH=empty
conjoinctz	conjoindre	VERppe	NOMB.=p|GENRE=m
et	et	CONcoo	MORPH=empty
unys	unir	VERppe	NOMB.=p|GENRE=m
a	à	PRE	MORPH=empty
Jesus	Jésus	NOMpro	NOMB.=s|GENRE=m
.	.	PONfrt	MORPH=empty
Et	et	CONcoo	MORPH=empty
aussi	aussi	ADVgen	MORPH=empty
par	par	PRE	MORPH=empty
la	le	DETdef	NOMB.=s|GENRE=f
vertu	vertu	NOMcom	NOMB.=s|GENRE=f
de	de	PRE	MORPH=empty
l'	le	DETdef	NOMB.=s|GENRE=f
union	union	NOMcom	NOMB.=s|GENRE=f
de	de	PRE	MORPH=empty
la	le	DETdef	NOMB.=s|GENRE=f
foy	foi	NOMcom	NOMB.=s|GENRE=f
/	/	PONfbl	MORPH=empty
les	le	PROper	PERS.=6|NOMB.=p|GENRE=m|CAS=r
faisant	faire	VERppa	NOMB.=p|GENRE=m
participans	participer	VERppa	NOMB.=p|GENRE=m
de	de	PRE	MORPH=empty
l'	le	DETdef	NOMB.=s|GENRE=m
esperit	esprit	NOMcom	NOMB.=s|GENRE=m
de	de	PRE	MORPH=empty
Jesuchrist	jesuchrist	NOMpro	NOMB.=s
son	son	DETpos	PERS.=3|NOMB.=s|GENRE=m
filz	fils	NOMcom	NOMB.=s|GENRE=m
,	,	PONfbl	MORPH=empty
par	par	PRE	MORPH=empty
lequel	lequel	PROrel	NOMB.=s|GENRE=m|CAS=i
ilz	il	PROper	PERS.=6|NOMB.=p|GENRE=m
sont	être	VERcjg	MODE=ind|TEMPS=pst|PERS.=6|NOMB.=p
declairez	déclarer	VERppe	NOMB.=p|GENRE=m
estre	être	VERinf	MORPH=empty
et	et	CONcoo	MORPH=empty
sont	être	VERcjg	MODE=ind|TEMPS=pst|PERS.=6|NOMB.=p
aussi	aussi	ADVgen	MORPH=empty
vrayement	vraiment	ADVgen	NOMB.=p|GENRE=m
confraires	confrère	NOMcom	NOMB.=p|GENRE=m
de	de	PRE	MORPH=empty
ceste	ce	DETdem	NOMB.=s|GENRE=f
tres	très	ADVgen	MORPH=empty
pure	pur	ADJqua	NOMB.=s|GENRE=f
confrairie	confrérie	NOMcom	NOMB.=s|GENRE=f
du	de_le	PRE.DETdef	NOMB.=s|GENRE=m
sainct	saint	ADJqua	NOMB.=s|GENRE=m
esperit	esprit	NOMcom	NOMB.=s|GENRE=m
faictz	faire	VERppe	NOMB.=p|GENRE=m
tous	tout	PROind	PERS.=6|NOMB.=p|GENRE=m|CAS=r
ung	un	DETind	NOMB.=s|GENRE=m
corps	corps	NOMcom	NOMB.=s|GENRE=m
,	,	PONfbl	MORPH=empty
duquel	de_lequel	PRE.PROrel	NOMB.=s|GENRE=m
Jesus	Jésus	NOMpro	NOMB.=s|GENRE=m
est	être	VERcjg	MODE=ind|TEMPS=pst|PERS.=3|NOMB.=s
le	le	DETdef	NOMB.=s|GENRE=m
chief	chef	NOMcom	NOMB.=s|GENRE=m
,	,	PONfbl	MORPH=empty
et	et	CONcoo	MORPH=empty
tous	tout	DETind	NOMB.=p|GENRE=m
les	le	DETdef	NOMB.=p|GENRE=m
confraires	confrère	NOMcom	NOMB.=p|GENRE=m
sont	être	VERcjg	MODE=ind|TEMPS=pst|PERS.=6|NOMB.=p
membres	membre	NOMcom	NOMB.=p|GENRE=m
l'	le	DETdef	NOMB.=s|GENRE=m
ung	un	DETind	NOMB.=s|GENRE=m
de	de	PRE	MORPH=empty
l'	le	DETdef	NOMB.=s|GENRE=m
aultre	autre	NOMcom	NOMB.=s|GENRE=m
.	.	PONfrt	MORPH=empty
¶	¶	PONfrt	MORPH=empty
Item	item	ADVgen	MORPH=empty
veult	vouloir	VERcjg	MODE=ind|TEMPS=pst|PERS.=3|NOMB.=s
et	et	CONcoo	MORPH=empty
ordonne	ordonner	VERcjg	MODE=ind|TEMPS=pst|PERS.=3|NOMB.=s
nostre	notre	DETpos	PERS.=4|NOMB.=s|GENRE=m
sainct	saint	ADJqua	NOMB.=s|GENRE=m
pere	père	NOMcom	NOMB.=s|GENRE=m
,	,	PONfbl	MORPH=empty
que	que	CONsub	MORPH=empty
tous	tout	DETind	NOMB.=p|GENRE=m
ceulx	celui	PROdem	NOMB.=p|GENRE=m
qui	qui	PROrel	NOMB.=p|GENRE=m|CAS=n
n'	ne	ADVneg	MORPH=empty
ont	avoir	VERcjg	MODE=ind|TEMPS=pst|PERS.=6|NOMB.=p
este	être	VERppe	NOMB.=p|GENRE=m
baptisez	baptiser	VERppe	NOMB.=p|GENRE=m
,	,	PONfbl	MORPH=empty
qui	qui	PROrel	NOMB.=p|GENRE=m|CAS=n
par	par	PRE	MORPH=empty
vraye	vrai	ADJqua	NOMB.=s|GENRE=f
foy	foi	NOMcom	NOMB.=s|GENRE=f
,	,	PONfbl	MORPH=empty
comme	comme	CONsub	MORPH=empty
dessus	dessus	ADVgen	MORPH=empty
est	être	VERcjg	MODE=ind|TEMPS=pst|PERS.=3|NOMB.=s
dit	dire	VERppe	NOMB.=s|GENRE=m
,	,	PONfbl	MORPH=empty
viennent	venir	VERcjg	MODE=ind|TEMPS=pst|PERS.=6|NOMB.=p
a	à	PRE	MORPH=empty
ceste	ce	DETdem	NOMB.=s|GENRE=f
saincte	saint	ADJqua	NOMB.=s|GENRE=f
confrairie	confrérie	NOMcom	NOMB.=s|GENRE=f
faictz	faire	VERppe	NOMB.=p|GENRE=m
confraires	confrère	NOMcom	NOMB.=p|GENRE=m
et	et	CONcoo	MORPH=empty
membres	membre	NOMcom	NOMB.=p|GENRE=m
de	de	PRE	MORPH=empty
Jesuchrist	Jésus-Christ	NOMpro	NOMB.=s|GENRE=m
inserez	insérer	VERcjg	MODE=imp|PERS.=5|NOMB.=p
et	et	CONcoo	MORPH=empty
incorporez	incorporer	VERcjg	MODE=imp|PERS.=5|NOMB.=p
en	en	ADVgen	MORPH=empty
luy	il	PROper	PERS.=3|NOMB.=s|GENRE=m|CAS=i
,	,	PONfbl	MORPH=empty
qu'	que	PROrel	NOMB.=p|GENRE=m|CAS=n
ilz	il	PROper	PERS.=6|NOMB.=p|GENRE=m|CAS=n
prennent	prendre	VERcjg	MODE=sub|TEMPS=pst|PERS.=6|NOMB.=p
le	le	DETdef	NOMB.=s|GENRE=m
sainct	saint	ADJqua	NOMB.=s|GENRE=m
baptesme	baptême	NOMcom	NOMB.=s|GENRE=m
,	,	PONfbl	MORPH=empty
faisans	faire	VERppa	NOMB.=p|GENRE=m
confession	confession	NOMcom	NOMB.=s|GENRE=f
/	/	PONfbl	MORPH=empty
protestation	protestation	NOMcom	NOMB.=s|GENRE=f
/	/	PONfbl	MORPH=empty
et	et	CONcoo	MORPH=empty
profession	profession	NOMcom	NOMB.=s|GENRE=f
de	de	PRE	MORPH=empty
vivre	vivre	VERinf	MORPH=empty
et	et	CONcoo	MORPH=empty
mourir	mourir	VERinf	MORPH=empty
en	en	ADVgen	MORPH=empty
la	le	DETdef	NOMB.=s|GENRE=f
saincte	saint	ADJqua	NOMB.=s|GENRE=f
foy	foi	NOMcom	NOMB.=s|GENRE=f
de	de	PRE	MORPH=empty
Jesus	Jésus	NOMpro	NOMB.=s|GENRE=m
et	et	CONcoo	MORPH=empty
estant	être	VERppa	NOMB.=p|GENRE=m
ses	son	DETpos	PERS.=3|NOMB.=p|GENRE=m
disciples	disciple	NOMcom	NOMB.=p|GENRE=m
le	il	PROper	NOMB.=s|GENRE=m|CAS=r
suyvre	suivre	VERinf	MORPH=empty
tenant	tenir	VERinf	MORPH=empty
et	et	CONcoo	MORPH=empty
gardant	garder	VERppa	NOMB.=p|GENRE=m
son	son	DETpos	PERS.=3|NOMB.=s|GENRE=m
sainct	saint	ADJqua	NOMB.=s|GENRE=m
evangile	évangile	NOMcom	NOMB.=s|GENRE=m
en	en	ADVgen	MORPH=empty
portant	porter	VERppa	NOMB.=p|GENRE=m
la	le	DETdef	NOMB.=s|GENRE=f
croix	croix	NOMcom	NOMB.=s|GENRE=f
/	/	PONfbl	MORPH=empty
c'	ce	PROdem	NOMB.=s|GENRE=n
est	être	VERcjg	MODE=ind|TEMPS=pst|PERS.=3|NOMB.=s
toutes	tout	DETind	NOMB.=p|GENRE=f
tribulations	tribulation	NOMcom	NOMB.=p|GENRE=f
qu'	que	PROrel	NOMB.=p|GENRE=f|CAS=r
il	il	PROper	PERS.=3|NOMB.=s|GENRE=m|CAS=n
plaira	plaire	VERcjg	MODE=ind|TEMPS=fut|PERS.=3|NOMB.=s
a	à	PRE	MORPH=empty
nostre	notre	DETpos	PERS.=4|NOMB.=p|GENRE=m
sainct	saint	ADJqua	NOMB.=s|GENRE=m
pere	père	NOMcom	NOMB.=s|GENRE=m
leur	il	PROper	PERS.=6|NOMB.=p|GENRE=m|CAS=i
envoyer	envoyer	VERinf	MORPH=empty
.	.	PONfrt	MORPH=empty
Et	et	CONcoo	MORPH=empty
ainsi	ainsi	ADVgen	MORPH=empty
prenant	prendre	VERppa	NOMB.=s|GENRE=m
le	le	DETdef	NOMB.=s|GENRE=m
sainct	saint	ADJqua	NOMB.=s|GENRE=m
baptesme	baptême	NOMcom	NOMB.=s|GENRE=m
ce	ce	PROdem	NOMB.=s|GENRE=n
leur	il	PROper	PERS.=6|NOMB.=s|GENRE=m|CAS=i
soit	être	VERcjg	MODE=sub|TEMPS=pst|PERS.=3|NOMB.=s
vray	vrai	ADJqua	NOMB.=s|GENRE=m
signe	signe	NOMcom	NOMB.=s|GENRE=m
de	de	PRE	MORPH=empty
renouvellement	renouvellement	NOMcom	NOMB.=s|GENRE=m
de	de	PRE	MORPH=empty
vie	vie	NOMcom	NOMB.=s|GENRE=f
d'	de	PRE	MORPH=empty
estre	être	VERinf	MORPH=empty
mortz	mourir	VERppe	NOMB.=p|GENRE=m
avec	avec	PRE	MORPH=empty
Jesus	Jésus	NOMpro	NOMB.=s|GENRE=m
et	et	CONcoo	MORPH=empty
ensevelis	ensevelir	VERppe	NOMB.=p|GENRE=m
avec	avec	PRE	MORPH=empty
luy	il	PROper	PERS.=3|NOMB.=s|GENRE=m|CAS=i
.	.	PONfrt	MORPH=empty
Et	et	CONcoo	MORPH=empty
aussi	aussi	ADVgen	MORPH=empty
d'	de	PRE	MORPH=empty
estre	être	VERinf	MORPH=empty
vrays	vrai	ADJqua	NOMB.=p|GENRE=m
confraires	confrère	NOMcom	NOMB.=p|GENRE=m
et	et	CONcoo	MORPH=empty
participans	participer	VERppa	NOMB.=p|GENRE=m
de	de	PRE	MORPH=empty
tous	tout	DETind	NOMB.=p|GENRE=m
les	le	DETdef	NOMB.=p|GENRE=m
biens	bien	NOMcom	NOMB.=p|GENRE=m
/	/	PONfbl	MORPH=empty
graces	grâce	NOMcom	NOMB.=p|GENRE=f
/	/	PONfbl	MORPH=empty
et	et	CONcoo	MORPH=empty
privilieges	priviliège	NOMcom	NOMB.=p|GENRE=m
qui	qui	PROrel	MORPH=empty
sont	être	VERcjg	MODE=ind|TEMPS=pst|PERS.=6|NOMB.=p
donnez	donner	VERppe	NOMB.=p|GENRE=m
a	à	PRE	MORPH=empty
ceste	ce	DETdem	NOMB.=s|GENRE=f
confrairie	confrérie	NOMcom	NOMB.=s|GENRE=f
et	et	CONcoo	MORPH=empty
a	à	PRE	MORPH=empty
tous	tout	DETind	NOMB.=p|GENRE=m
les	le	DETdef	NOMB.=p|GENRE=m
confraires	confrère	NOMcom	NOMB.=p|GENRE=m
.	.	PONfrt	MORPH=empty
Voulant	vouloir	VERppa	NOMB.=s|GENRE=m
aussi	aussi	ADVgen	MORPH=empty
nostre	notre	DETpos	PERS.=4|NOMB.=s|GENRE=m
sainct	saint	ADJqua	NOMB.=s|GENRE=m
pere	père	NOMcom	NOMB.=s|GENRE=m
,	,	PONfbl	MORPH=empty
que	que	CONsub	MORPH=empty
tous	tout	DETind	NOMB.=p|GENRE=m
les	le	DETdef	NOMB.=p|GENRE=m
confraires	confrère	NOMcom	NOMB.=p|GENRE=m
les	il	PROper	PERS.=6|NOMB.=p|GENRE=m|CAS=r
tiennent	tenir	VERcjg	MODE=ind|TEMPS=pst|PERS.=6|NOMB.=p
et	et	CONcoo	MORPH=empty
recoivent	recevoir	VERcjg	MODE=ind|TEMPS=pst|PERS.=6|NOMB.=p
pour	pour	PRE	MORPH=empty
leurs	leur	DETpos	PERS.=6|NOMB.=p|GENRE=m
fraires	frère	NOMcom	NOMB.=p|GENRE=m
et	et	CONcoo	MORPH=empty
filz	fils	NOMcom	NOMB.=p|GENRE=m
de	de	PRE	MORPH=empty
dieu	dieu	NOMcom	NOMB.=s|GENRE=m
,	,	PONfbl	MORPH=empty
et	et	CONcoo	MORPH=empty
comme	comme	CONsub	MORPH=empty
dit	dire	VERcjg	MODE=ind|TEMPS=pst|PERS.=3|NOMB.=s
est	être	VERcjg	MODE=ind|TEMPS=pst|PERS.=3|NOMB.=s
,	,	PONfbl	MORPH=empty
heretiers	héritier	NOMcom	NOMB.=p|GENRE=m
de	de	PRE	MORPH=empty
dieu	dieu	NOMcom	NOMB.=s|GENRE=m
/	/	PONfbl	MORPH=empty
heretiers	héritier	NOMcom	NOMB.=p|GENRE=m
avec	avec	PRE	MORPH=empty
Jesus	Jésus	NOMcom	NOMB.=s|GENRE=m
comme	comme	CONsub	MORPH=empty
sont	être	VERcjg	MODE=ind|TEMPS=pst|PERS.=6|NOMB.=p
aussi	aussi	ADVgen	MORPH=empty
tous	tout	DETind	NOMB.=p|GENRE=m
les	le	DETdef	NOMB.=p|GENRE=m
vrays	vrai	ADJqua	NOMB.=p|GENRE=m
confraires	confrère	NOMcom	NOMB.=p|GENRE=m
.	.	PONfrt	MORPH=empty
¶	¶	PONfrt	MORPH=empty
Item	item	ADVgen	MORPH=empty
nostre	notre	DETpos	PERS.=4|NOMB.=s|GENRE=m
sainct	saint	ADJqua	NOMB.=s|GENRE=m
pere	père	NOMcom	NOMB.=s|GENRE=m
veult	vouloir	VERcjg	MODE=ind|TEMPS=pst|PERS.=3|NOMB.=s
et	et	CONcoo	MORPH=empty
ordonne	ordonner	VERcjg	MODE=ind|TEMPS=pst|PERS.=3|NOMB.=s
pour	pour	PRE	MORPH=empty
accroistre	accroître	VERinf	MORPH=empty
tousjours	toujours	ADVgen	MORPH=empty
les	le	DETdef	NOMB.=p|GENRE=m
biens	bien	NOMcom	NOMB.=p|GENRE=m
de	de	PRE	MORPH=empty
la	le	DETdef	NOMB.=s|GENRE=f
susdicte	susdit	NOMcom	NOMB.=s|GENRE=f
saincte	saint	ADJqua	NOMB.=s|GENRE=f
confrairie	confrérie	NOMcom	NOMB.=s|GENRE=f
et	et	CONcoo	MORPH=empty
pour	pour	PRE	MORPH=empty
plus	plus	ADVgen	MORPH=empty
enflamber	enflamber	VERinf	MORPH=empty
les	le	DETdef	NOMB.=p|GENRE=m
cueurs	cœur	NOMcom	NOMB.=p|GENRE=m
des	de_le	PRE.DETdef	NOMB.=p|GENRE=m
confraires	confrère	NOMcom	NOMB.=p|GENRE=m
en	en	ADVgen	MORPH=empty
vraye	vrai	ADJqua	NOMB.=s|GENRE=f
charite	charité	NOMcom	NOMB.=s|GENRE=f
/	/	PONfbl	MORPH=empty
dilection	dilection	NOMcom	NOMB.=s|GENRE=f
/	/	PONfbl	MORPH=empty
et	et	CONcoo	MORPH=empty
amitie	amitié	NOMcom	NOMB.=s|GENRE=f
,	,	PONfbl	MORPH=empty
en	en	ADVgen	MORPH=empty
regardant	regarder	VERppa	NOMB.=s|GENRE=m
le	le	DETdef	NOMB.=s|GENRE=m
chief	chef	NOMcom	NOMB.=s|GENRE=m
de	de	PRE	MORPH=empty
tous	tout	PROind	NOMB.=p|GENRE=m|CAS=i
nostre	notre	DETpos	PERS.=4|NOMB.=s|GENRE=m
seigneur	seigneur	NOMcom	NOMB.=s|GENRE=m
Jesus	Jésus	NOMpro	NOMB.=s|GENRE=m
/	/	PONfbl	MORPH=empty
lequel	lequel	PROrel	NOMB.=s|GENRE=m
a	avoir	VERcjg	MODE=ind|TEMPS=pst|PERS.=3|NOMB.=s
eu	avoir	VERppe	NOMB.=s|GENRE=m
la	le	DETdef	NOMB.=s|GENRE=f
plus	plus	ADVgen	MORPH=empty
grande	grand	ADJqua	NOMB.=s|GENRE=f
charite	charité	NOMcom	NOMB.=s|GENRE=f
,	,	PONfbl	MORPH=empty
nous	nous	PROper	PERS.=4|NOMB.=p|GENRE=m|CAS=r
aymant	aimer	VERppa	NOMB.=s|GENRE=m
tant	tant	ADVgen	MORPH=empty
qu'	que	CONsub	MORPH=empty
il	il	PROper	PERS.=3|NOMB.=s|GENRE=m|CAS=n
s'	se	PROper	PERS.=3|NOMB.=s|GENRE=m|CAS=x
est	être	VERcjg	MODE=ind|TEMPS=pst|PERS.=3|NOMB.=s
donne	donner	VERppe	NOMB.=s|GENRE=m
soymesmes	même	NOMcom	NOMB.=p|GENRE=m
en	en	ADVgen	MORPH=empty
redemption	rédemption	NOMcom	NOMB.=s|GENRE=f
et	et	CONcoo	MORPH=empty
offrande	offrande	NOMcom	NOMB.=s|GENRE=f
pour	pour	PRE	MORPH=empty
nous	nous	PROper	PERS.=4|NOMB.=p|GENRE=m|CAS=i
,	,	PONfbl	MORPH=empty
que	que	CONsub	MORPH=empty
tous	tout	DETind	NOMB.=p|GENRE=m
les	le	DETdef	NOMB.=p|GENRE=m
confraires	confrère	NOMcom	NOMB.=p|GENRE=m
comme	comme	CONsub	MORPH=empty
membres	membre	NOMcom	NOMB.=p|GENRE=m
d'	de	PRE	MORPH=empty
ung	un	DETind	NOMB.=s|GENRE=m
mesme	même	ADJind	NOMB.=s|GENRE=m
corps	corps	NOMcom	NOMB.=s|GENRE=m
et	et	CONcoo	MORPH=empty
comme	comme	CONsub	MORPH=empty
estans	être	VERppa	NOMB.=p|GENRE=m
vrayement	vraiment	ADVgen	MORPH=empty
une	un	DETndf	NOMB.=s|GENRE=f
chose	chose	NOMcom	NOMB.=s|GENRE=f
et	et	CONcoo	MORPH=empty
ung	un	DETind	NOMB.=s|GENRE=m
en	en	ADVgen	MORPH=empty
ceste	ce	DETdem	NOMB.=s|GENRE=f
saincte	saint	ADJqua	NOMB.=s|GENRE=f
confrairie	confrérie	NOMcom	NOMB.=s|GENRE=f
par	par	PRE	MORPH=empty
vraye	vrai	ADJqua	NOMB.=s|GENRE=f
foy	foi	NOMcom	NOMB.=s|GENRE=f
et	et	CONcoo	MORPH=empty
charite	charité	NOMcom	NOMB.=s|GENRE=f
,	,	PONfbl	MORPH=empty
en	en	ADVgen	MORPH=empty
rendant	rendre	VERppa	NOMB.=s|GENRE=m
graces	grâce	NOMcom	NOMB.=p|GENRE=f
et	et	CONcoo	MORPH=empty
remerciant	remercier	VERppa	NOMB.=s|GENRE=m
nostre	notre	DETpos	PERS.=4|NOMB.=s|GENRE=m
bon	bon	ADJqua	NOMB.=s|GENRE=m
sauveur	sauveur	NOMcom	NOMB.=s|GENRE=m
tous	tout	PROind	NOMB.=p|GENRE=m|CAS=n
d'	de	PRE	MORPH=empty
ung	un	DETndf	NOMB.=s|GENRE=m
accord	accord	NOMcom	NOMB.=s|GENRE=m
et	et	CONcoo	MORPH=empty
d'	de	PRE	MORPH=empty
ung	un	DETndf	NOMB.=s|GENRE=m
mesme	même	ADJind	NOMB.=s|GENRE=m
vouloir	vouloir	VERinf	MORPH=empty
,	,	PONfbl	MORPH=empty
viennent	venir	VERcjg	MODE=ind|TEMPS=pstPERS.=6|NOMB.=p
a	à	PRE	MORPH=empty
la	le	DETdef	NOMB.=s|GENRE=f
saincte	saint	ADJqua	NOMB.=s|GENRE=f
table	table	NOMcom	NOMB.=s|GENRE=f
du	de_le	PRE.DETdef	NOMB.=s|GENRE=m
seigneur	seigneur	NOMcom	NOMB.=s|GENRE=m
Jesus	Jésus	NOMpro	NOMB.=s|GENRE=m
a	à	PRE	MORPH=empty
sa	son	DETpos	PERS.=3|NOMB.=s|GENRE=f
saincte	saint	ADJqua	NOMB.=s|GENRE=f
cene	cène	NOMcom	NOMB.=s|GENRE=f
,	,	PONfbl	MORPH=empty
rompans	rompre	VERppa	NOMB.=s|GENRE=m
le	le	DETdef	NOMB.=s|GENRE=m
pain	pain	NOMcom	NOMB.=s|GENRE=m
d'	de	PRE	MORPH=empty
action	action	NOMcom	NOMB.=s|GENRE=f
de	de	PRE	MORPH=empty
graces	grâce	NOMcom	NOMB.=p|GENRE=f
,	,	PONfbl	MORPH=empty
en	en	ADVgen	MORPH=empty
le	il	DETdef	NOMB.=s|GENRE=m
prenant	prendre	VERppa	NOMB.=s|GENRE=m
et	et	CONcoo	MORPH=empty
partissant	partir	VERppa	NOMB.=s|GENRE=m
entre	entre	PRE	MORPH=empty
eulx	il	PROper	PERS.=6|NOMB.=p|GENRE=m|CAS=i
le	le	DETdef	NOMB.=s|GENRE=m
mangeans	manger	VERppa	NOMB.=s|GENRE=m
prenans	prenant	VERppa	NOMB.=s|GENRE=m
et	et	CONcoo	MORPH=empty
bevans	boire	VERppa	NOMB.=s|GENRE=m
aussi	aussi	ADVgen	MORPH=empty
du	de_le	PRE.DETdef	NOMB.=s|GENRE=m
calice	calice	NOMcom	NOMB.=s|GENRE=m
en	en	ADVgen	MORPH=empty
memoire	mémoire	NOMcom	NOMB.=s|GENRE=f
de	de	PRE	MORPH=empty
la	le	DETdef	NOMB.=s|GENRE=f
mort	mort	NOMcom	NOMB.=s|GENRE=f
et	et	CONcoo	MORPH=empty
passion	passion	NOMcom	NOMB.=s|GENRE=f
du	de_le	PRE.DETdef	NOMB.=s|GENRE=m
seigneur	seigneur	NOMcom	NOMB.=s|GENRE=m
Jesus	Jésus	NOMpro	NOMB.=s|GENRE=m
,	,	PONfbl	MORPH=empty
qui	qui	PROrel	NOMB.=s|GENRE=m|CAS=n
a	avoir	VERcjg	MODE=ind|TEMPS=pst|PERS.=3|NOMB.=s
donne	donner	VERppe	NOMB.=x|GENRE=x
son	son	DETpos	PERS.=3|NOMB.=s|GENRE=m
corps	corps	NOMcom	NOMB.=s|GENRE=m
pour	pour	PRE	MORPH=empty
nous	nous	PROper	PERS.=4|NOMB.=p|GENRE=m|CAS=i
et	et	CONcoo	MORPH=empty
a	avoir	VERcjg	MODE=ind|TEMPS=pst|PERS.=3|NOMB.=s
espandu	épandre	VERppe	NOMB.=x|GENRE=x
son	son	DETpos	PERS.=3|NOMB.=s|GENRE=m
sang	sang	NOMcom	NOMB.=s|GENRE=m
en	en	ADVgen	MORPH=empty
remission	rémission	NOMcom	NOMB.=s|GENRE=f
de	de	PRE	MORPH=empty
noz	notre	DETpos	PERS.=4|NOMB.=p|GENRE=m
pechez	péché	NOMcom	NOMB.=p|GENRE=m
,	,	PONfbl	MORPH=empty
affin	afin	VERcjg	NOMB.=s|GENRE=m
que	que	CONsub	MORPH=empty
tous	tout	DETind	NOMB.=p|GENRE=m
les	le	DETdef	NOMB.=p|GENRE=m
confraires	confrère	NOMcom	NOMB.=p|GENRE=m
prenans	prendre	VERppa	NOMB.=p|GENRE=m
de	de	PRE	MORPH=empty
ce	ce	DETdem	NOMB.=s|GENRE=m
pain	pain	NOMcom	NOMB.=s|GENRE=m
et	et	CONcoo	MORPH=empty
bevans	boire	VERppa	NOMB.=p|GENRE=m
de	de	PRE	MORPH=empty
ce	ce	DETdem	NOMB.=s|GENRE=m
calice	calice	NOMcom	NOMB.=s|GENRE=m
adnuncent	annoncer	VERcjg	MODE=ind|TEMPS=pst|PERS.=6|NOMB.=p
la	le	DETdef	NOMB.=s|GENRE=f
mort	mort	NOMcom	NOMB.=s|GENRE=f
du	de_le	PRE.DETdef	NOMB.=s|GENRE=m
seigneur	seigneur	NOMcom	NOMB.=s|GENRE=m
jusques	jusque	PRE	MORPH=empty
a	à	PRE	MORPH=empty
ce	ce	PROdem	NOMB.=s|GENRE=n
qu'	que	PROrel	NOMB.=s|GENRE=n|CAS=r
il	il	PROper	PERS.=3|NOMB.=s|GENRE=m|CAS=n
viengne	venir	VERcjg	MODE=sub|TEMPS=pst|PERS.=3|NOMB.=s
/	/	PONfbl	MORPH=empty
et	et	CONcoo	MORPH=empty
par	par	PRE	MORPH=empty
ainsi	ainsi	ADVgen	MORPH=empty
perseverent	persévérer	VERcjg	MODE=ind|TEMPS=pst|PERS.=6|NOMB.=p
en	en	ADVgen	MORPH=empty
la	le	DETdef	NOMB.=s|GENRE=f
saincte	saint	ADJqua	NOMB.=s|GENRE=f
parolle	parole	NOMcom	NOMB.=s|GENRE=f
et	et	CONcoo	MORPH=empty
doctrine	doctrine	NOMcom	NOMB.=s|GENRE=f
de	de	PRE	MORPH=empty
dieu	dieu	NOMcom	NOMB.=s|GENRE=m
,	,	PONfbl	MORPH=empty
croissans	croître	VERppa	NOMB.=p|GENRE=m
tousjours	toujours	ADVgen	MORPH=empty
de	de	PRE	MORPH=empty
bien	bien	ADVgen	MORPH=empty
en	en	ADVgen	MORPH=empty
mieulx	mieux	ADVgen	MORPH=empty
vivans	vivre	VERppa	NOMB.=p|GENRE=m
plus	plus	ADVgen	MORPH=empty
purement	purement	ADVgen	MORPH=empty
,	,	PONfbl	MORPH=empty
pourquoy	pourquoi	ADVint	MORPH=empty
veult	vouloir	VERcjg	MODE=ind|TEMPS=pst|PERS.=3|NOMB.=s
et	et	CONcoo	MORPH=empty
ordonne	ordonner	VERcjg	MODE=ind|TEMPS=pst|PERS.=3|NOMB.=s
nostre	notre	DETpos	PERS.=4|NOMB.=s|GENRE=m
sainct	saint	ADJqua	NOMB.=s|GENRE=m
pere	père	NOMcom	NOMB.=s|GENRE=m
que	que	CONsub	MORPH=empty
tous	tout	DETind	NOMB.=p|GENRE=m
les	le	DETdef	NOMB.=p|GENRE=m
confraires	confrère	NOMcom	NOMB.=p|GENRE=m
qui	qui	PROrel	NOMB.=p|GENRE=m|CAS=n
viendront	venir	VERcjg	MODE=ind|TEMPS=fut|PERS.=6|NOMB.=p
a	à	PRE	MORPH=empty
ceste	ce	DETdem	NOMB.=s|GENRE=f
saincte	saint	ADJqua	NOMB.=s|GENRE=f
cene	cène	NOMcom	NOMB.=s|GENRE=f
,	,	PONfbl	MORPH=empty
veritablement	véritablement	ADVgen	MORPH=empty
soyent	être	VERcjg	MODE=sub|TEMPS=pst|PERS.=6|NOMB.=p
telz	tel	PROind	NOMB.=p|GENRE=m|CAS=i
comme	comme	CONsub	MORPH=empty
ilz	il	PROper	PERS.=6|NOMB.=p|GENRE=m|CAS=n
declairent	déclarer	VERcjg	MODE=ind|TEMPS=pst|PERS.=6|NOMB.=p
en	en	ADVgen	MORPH=empty
y	y	PROadv	MORPH=empty
venant	venir	VERppa	NOMB.=p|GENRE=m
,	,	PONfbl	MORPH=empty
et	et	CONcoo	MORPH=empty
qu'	que	CONsub	MORPH=empty
ilz	il	PROper	PERS.=6|NOMB.=p|GENRE=m|CAS=n
ayent	avoir	VERcjg	MODE=sub|TEMPS=pst|PERS.=6|NOMB.=p
vertu	vertu	NOMcom	NOMB.=s|GENRE=f
et	et	CONcoo	MORPH=empty
puissance	puissance	NOMcom	NOMB.=s|GENRE=f
de	de	PRE	MORPH=empty
perseverer	persévérer	VERinf	MORPH=empty
jusques	jusque	PRE	MORPH=empty
a	à	PRE	MORPH=empty
la	le	DETdef	NOMB.=s|GENRE=f
fin	fin	NOMcom	NOMB.=s|GENRE=f
,	,	PONfbl	MORPH=empty
ne	ne	ADVneg	MORPH=empty
voulant	vouloir	VERppa	MORPH=empty
que	que	CONsub	MORPH=empty
personne	personne	PROind	NOMB.=s|GENRE=m|CAS=n
presume	présumer	VERcjg	MODE=sub|TEMPS=pst|PERS.=3|NOMB.=s
en	en	ADVgen	MORPH=empty
ceste	ce	DETdem	NOMB.=s|GENRE=f
saincte	saint	ADJqua	NOMB.=s|GENRE=f
table	table	NOMcom	NOMB.=s|GENRE=f
faire	faire	VERinf	MORPH=empty
ou	ou	CONcoo	MORPH=empty
dire	dire	VERinf	MORPH=empty
aultrement	autrement	ADVgen	MORPH=empty
que	que	CONsub	MORPH=empty
le	le	DETdef	NOMB.=s|GENRE=m
souverain	souverain	NOMcom	NOMB.=s|GENRE=m
pasteur	pasteur	NOMcom	NOMB.=s|GENRE=m
et	et	CONcoo	MORPH=empty
instituteur	instituteur	NOMcom	NOMB.=s|GENRE=m
d'	de	PRE	MORPH=empty
icelle	icelui	PROdem	NOMB.=s|GENRE=f|CAS=i
nostre	notre	DETpos	PERS.=4|NOMB.=s|GENRE=m
seigneur	seigneur	NOMcom	NOMB.=s|GENRE=m
Jesus	Jésus	NOMpro	NOMB.=s|GENRE=m
a	avoir	VERcjg	MODE=ind|TEMPS=pst|PERS.=3|NOMB.=s
ordonne	ordonner	VERppe	NOMB.=s|GENRE=m
et	et	CONcoo	MORPH=empty
institue	instituer	VERppe	NOMB.=s|GENRE=m
,	,	PONfbl	MORPH=empty
ainsi	ainsi	ADVgen	MORPH=empty
le	le	DETdef	NOMB.=s|GENRE=m
commandant	commander	VERppa	NOMB.=s|GENRE=m
par	par	PRE	MORPH=empty
vertu	vertu	NOMcom	NOMB.=s|GENRE=f
de	de	PRE	MORPH=empty
saincte	saint	ADJqua	NOMB.=s|GENRE=f
obedience	obédience	NOMcom	NOMB.=s|GENRE=f
et	et	CONcoo	MORPH=empty
sus	sus	ADVgen	MORPH=empty
la	le	DETdef	NOMB.=s|GENRE=f
peine	peine	NOMcom	NOMB.=s|GENRE=f
d'	de	PRE	MORPH=empty
excommuniement	excom	NOMcom	NOMB.=s|GENRE=m
et	et	CONcoo	MORPH=empty
de	de	PRE	MORPH=empty
malediction	malédiction	NOMcom	NOMB.=s|GENRE=f
eternelle	éternel	ADJqua	NOMB.=s|GENRE=f
a	à	PRE	MORPH=empty
ceulx	celui	PROdem	NOMB.=p|GENRE=m|CAS=i
qui	qui	PROrel	NOMB.=p|GENRE=m|CAS=i
temerairement	témérairement	ADVgen	MORPH=empty
presumeront	présumer	VERcjg	MODE=ind|TEMPS=fut|PERS.=6|NOMB.=p
faire	faire	VERinf	MORPH=empty
le	le	DETdef	NOMB.=s|GENRE=m
contraire	contraire	NOMcom	NOMB.=s|GENRE=m
,	,	PONfbl	MORPH=empty
avoir	avoir	VERinf	MORPH=empty
ouyr	ouïr	VERinf	MORPH=empty
l'	le	DETdef	NOMB.=s|GENRE=f
ordonnance	ordonnance	NOMcom	NOMB.=s|GENRE=f
de	de	PRE	MORPH=empty
nostre	notre	DETpos	PERS.=4|NOMB.=s|GENRE=m
sainct	saint	ADJqua	NOMB.=s|GENRE=m
pere	père	NOMcom	NOMB.=s|GENRE=m
.	.	PONfrt	MORPH=empty
¶	¶	PONfrt	MORPH=empty
Item	item	ADVgen	MORPH=empty
puis	puis	ADVgen	MORPH=empty
que	que	CONsub	MORPH=empty
le	le	DETdef	NOMB.=s|GENRE=m
sainct	saint	ADJqua	NOMB.=s|GENRE=m
baptesme	baptême	NOMcom	NOMB.=s|GENRE=m
et	et	CONcoo	MORPH=empty
la	le	DETdef	NOMB.=s|GENRE=f
saincte	saint	ADJqua	NOMB.=s|GENRE=f
table	table	NOMcom	NOMB.=s|GENRE=f
appartient	appartenir	VERcjg	MODE=ind|TEMPS=pst|PERS.=3|NOMB.=p
de	de	PRE	MORPH=empty
droit	droit	NOMcom	NOMB.=s|GENRE=m
et	et	CONcoo	MORPH=empty
par	par	PRE	MORPH=empty
droicture	droiture	NOMcom	NOMB.=s|GENRE=f
seulement	seulement	ADVgen	MORPH=empty
aux	à_le	PRE.DETdef	NOMB.=p|GENRE=m
vrays	vrai	ADJqua	NOMB.=p|GENRE=m
confraires	confrère	NOMcom	NOMB.=p|GENRE=m
du	de_le	PRE.DETdef	NOMB.=s|GENRE=m
sainct	saint	ADJqua	NOMB.=s|GENRE=m
esperit	esprit	NOMcom	NOMB.=s|GENRE=m
,	,	PONfbl	MORPH=empty
nostre	notre	DETpos	PERS.=4|NOMB.=s|GENRE=m
sainct	saint	ADJqua	NOMB.=s|GENRE=m
pere	père	NOMcom	NOMB.=s|GENRE=m
deffend	défendre	VERcjg	MODE=ind|TEMPS=pst|PERS.=3|NOMB.=s
expressement	expressément	ADVgen	MORPH=empty
sus	sus	ADVgen	MORPH=empty
peine	peine	NOMcom	NOMB.=s|GENRE=f
d'	de	PRE	MORPH=empty
excommunication	excommunication	NOMcom	NOMB.=s|GENRE=f
/	/	PONfbl	MORPH=empty
anathematisation	anathématisation	NOMcom	NOMB.=s|GENRE=f
/	/	PONfbl	MORPH=empty
et	et	CONcoo	MORPH=empty
de	de	PRE	MORPH=empty
malediction	malédiction	NOMcom	NOMB.=s|GENRE=f
eternelle	éternel	ADJqua	NOMB.=s|GENRE=f
,	,	PONfbl	MORPH=empty
que	que	CONsub	MORPH=empty
personne	personne	PROind	NOMB.=s|GENRE=x|CAS=n
n'	ne	ADVneg	MORPH=empty
en	en	ADVgen	MORPH=empty
aye	avoir	VERcjg	MODE=sub|TEMPS=pst|PERS.=3|NOMB.=s
user	user	VERinf	MORPH=empty
que	que	CONsub	MORPH=empty
les	le	DETdef	NOMB.=p|GENRE=m
seulz	seulz	ADJcar	NOMB.=p|GENRE=m
confraires	confrère	NOMcom	NOMB.=p|GENRE=m
anathematizant	anathématiser	VERppa	NOMB.=p|GENRE=m
/	/	PONfbl	MORPH=empty
mauldisant	maudire	VERppa	NOMB.=p|GENRE=m
/	/	PONfbl	MORPH=empty
et	et	CONcoo	MORPH=empty
excommuniant	excommunier	VERppa	NOMB.=p|GENRE=m
toutes	tout	DETind	NOMB.=p|GENRE=f
aultres	autre	DETind	NOMB.=p|GENRE=f
professions	profession	NOMcom	NOMB.=p|GENRE=f
/	/	PONfbl	MORPH=empty
rigles	règle	NOMcom	NOMB.=p|GENRE=f
/	/	PONfbl	MORPH=empty
confrairies	confrérie	NOMcom	NOMB.=p|GENRE=f
/	/	PONfbl	MORPH=empty
ordres	ordre	NOMcom	NOMB.=p|GENRE=m
/	/	PONfbl	MORPH=empty
religions	religion	NOMcom	NOMB.=p|GENRE=f
/	/	PONfbl	MORPH=empty
et	et	CONcoo	MORPH=empty
tous	tout	DETind	NOMB.=p|GENRE=m
entremens	entrement	NOMcom	NOMB.=p|GENRE=m
et	et	CONcoo	MORPH=empty
receptions	réception	NOMcom	NOMB.=p|GENRE=f
d'	de	PRE	MORPH=empty
icelles	icelui	PROdem	NOMB.=p|GENRE=f|CAS=i
,	,	PONfbl	MORPH=empty
et	et	CONcoo	MORPH=empty
tous	tout	DETind	NOMB.=p|GENRE=m
vinaiges	vinaigre	NOMcom	NOMB.=p|GENRE=m
et	et	CONcoo	MORPH=empty
vin	vin	NOMcom	NOMB.=s|GENRE=m
qu'	que	CONsub	MORPH=empty
on	on	PROind	PERS.=3|NOMB.=s|CAS=n
boit	boire	VERcjg	MODE=ind|TEMPS=pst|PERS.=3|NOMB.=s
,	,	PONfbl	MORPH=empty
auquel	à_lequel	PRE.PROrel	NOMB.=s|GENRE=m
pour	pour	PRE	MORPH=empty
sainctete	sainteté	NOMcom	NOMB.=s|GENRE=f
l'	le	DETdef	NOMB.=s|GENRE=m
on	on	PROind	PERS.=3|NOMB.=s|CAS=n
faict	faire	VERcjg	MODE=ind|TEMPS=pst|PERS.=3|NOMB.=s
toucher	toucher	VERinf	MORPH=empty
os	os	NOMcom	NOMB.=s|GENRE=m
/	/	NOMcom	MORPH=empty
boys	bois	NOMcom	NOMB.=s|GENRE=m
/	/	NOMcom	MORPH=empty
ou	ou	CONcoo	MORPH=empty
aultre	autre	ADJqua	NOMB.=s|GENRE=f
chose	chose	NOMcom	NOMB.=s|GENRE=f
qu'	que	CONsub	MORPH=empty
on	on	PROind	PERS.=3|NOMB.=s|CAS=n
appelle	appeler	VERcjg	MODE=sub|TEMPS=pst|PERS.=3|NOMB.=s
reliques	relique	NOMcom	NOMB.=p|GENRE=f
avec	avec	PRE	MORPH=empty
les	le	DETdef	NOMB.=p|GENRE=f
barbouteries	barbouterie	NOMcom	NOMB.=p|GENRE=f
des	de_le	PRE.DETdef	NOMB.=p|GENRE=m
prebstres	prêtre	NOMcom	NOMB.=p|GENRE=m
et	et	CONcoo	MORPH=empty
moines	moine	NOMcom	NOMB.=p|GENRE=m
:	:	PONfbl	MORPH=empty
et	et	CONcoo	MORPH=empty
aussi	aussi	ADVgen	MORPH=empty
tout	tout	ADVgen	GENRE=m
adjurement	adjurement	NOMcom	NOMB.=s|GENRE=m
de	de	PRE	MORPH=empty
pain	pain	NOMcom	NOMB.=s|GENRE=m
/	/	PONfbl	NOMB.=s
d'	de	PRE	MORPH=empty
eau	eau	NOMcom	NOMB.=s|GENRE=f
/	/	PONfbl	MORPH=empty
et	et	CONcoo	MORPH=empty
d'	de	PRE	MORPH=empty
aultre	autre	ADJqua	NOMB.=s|GENRE=f
chose	chose	NOMcom	NOMB.=s|GENRE=f
qu'	que	CONsub	MORPH=empty
on	on	PROind	PERS.=3|NOMB.=s|CAS=n
nomme	nommer	VERcjg	MODE=sub|TEMPS=pst|PERS.=3|NOMB.=s
faulsement	faussement	ADVgen	MORPH=empty
benite	bénir	VERppe	NOMB.=s|GENRE=f
,	,	PONfbl	MORPH=empty
qu'	que	CONsub	MORPH=empty
on	on	PROind	PERS.=3|NOMB.=s|CAS=n
prent	prendre	VERcjg	MODE=ind|TEMPS=pst|PERS.=3|NOMB.=s
pour	pour	PRE	MORPH=empty
sainctete	sainteté	NOMcom	NOMB.=s|GENRE=f
.	.	PONfrt	MORPH=empty
Car	car	CONcoo	MORPH=empty
nostre	notre	DETpos	PERS.=4|NOMB.=s|GENRE=m
sainct	saint	ADJqua	NOMB.=s|GENRE=m
pere	père	NOMcom	NOMB.=s|GENRE=m
ne	ne	ADVneg	MORPH=empty
veult	vouloir	VERcjg	MODE=ind|TEMPS=pst|PERS.=3|NOMB.=s
que	que	CONsub	MORPH=empty
personne	personne	PROind	NOMB.=s|GENRE=x|CAS=n
estime	estimer	VERcjg	MODE=sub|TEMPS=pst|PERS.=3|NOMB.=s
/	/	PONfbl	MORPH=empty
ne	ne	ADVneg	MORPH=empty
croye	croire	VERcjg	MODE=sub|TEMPS=pst|PERS.=3|NOMB.=s
/	/	PONfbl	MORPH=empty
ou	ou	CONcoo	MORPH=empty
pense	penser	VERcjg	MODE=sub|TEMPS=pst|PERS.=3|NOMB.=s
aucune	aucun	DETind	NOMB.=s|GENRE=f
chose	chose	NOMcom	NOMB.=s|GENRE=f
avoir	avoir	VERinf	MORPH=empty
sainctete	sainteté	NOMcom	NOMB.=s|GENRE=f
fors	fors	PRE	MORPH=empty
que	que	CONsub	MORPH=empty
par	par	PRE	MORPH=empty
Jesus	Jésus	NOMpro	NOMB.=s|GENRE=m
son	son	DETpos	PERS.=3|NOMB.=s|GENRE=m
filz	fils	NOMcom	NOMB.=s|GENRE=m
en	en	ADVgen	MORPH=empty
estant	être	VERppa	NOMB.=s|GENRE=m
de	de	PRE	MORPH=empty
ceste	ce	DETdem	NOMB.=s|GENRE=f
confrairie	confrérie	NOMcom	NOMB.=s|GENRE=f
.	.	PONfrt	MORPH=empty
Et	et	CONcoo	MORPH=empty
aussi	aussi	ADVgen	MORPH=empty
ne	ne	ADVneg	MORPH=empty
veult	vouloir	VERcjg	MODE=ind|TEMPS=pst|PERS.=3|NOMB.=s
que	que	CONsub	MORPH=empty
personne	personne	PROind	NOMB.=s|GENRE=x
soy	être	VERcjg	MODE=sub|TEMPS=pst|PERS.=3|NOMB.=s
die	dire	VERppe	NOMB.=s|GENRE=m
ne	ne	ADVneg	MORPH=empty
face	faire	VERcjg	MODE=sub|TEMPS=pst|PERS.=3|NOMB.=s
semblant	sembler	VERppa	NOMB.=s|GENRE=m
d'	de	PRE	MORPH=empty
estre	être	VERinf	MORPH=empty
des	un	DETndf	NOMB.=p|GENRE=m
siens	sien	PROpos	PERS.=3|NOMB.=p|GENRE=m|CAS=i
,	,	PONfbl	MORPH=empty
fors	fors	PRE	MORPH=empty
que	que	CONsub	MORPH=empty
ainsi	ainsi	ADVgen	MORPH=empty
que	que	CONsub	MORPH=empty
le	le	DETdef	NOMB.=s|GENRE=m
souverain	souverain	NOMcom	NOMB.=s|GENRE=m
de	de	PRE	MORPH=empty
la	le	DETdef	NOMB.=s|GENRE=f
saincte	saint	ADJqua	NOMB.=s|GENRE=f
confrairie	confrérie	ADJqua	NOMB.=s|GENRE=f
Jesus	Jésus	NOMpro	NOMB.=s|GENRE=m
a	avoir	VERcjg	MODE=ind|TEMPS=pst|PERS.=3|NOMB.=s
ordonne	ordonner	VERppe	NOMB.=s|GENRE=m
qu'	que	CONsub	MORPH=empty
on	on	PROind	PERS.=3|NOMB.=s|CAS=n
tesmoingne	témoigner	VERcjg	MODE=sub|TEMPS=pst|PERS.=3|NOMB.=s
et	et	CONcoo	MORPH=empty
demonstre	démontrer	VERcjg	MODE=sub|TEMPS=pst|PERS.=3|NOMB.=s
.	.	PONfrt	MORPH=empty
Si	si	CONsub	MORPH=empty
sont	être	VERcjg	MODE=ind|TEMPS=pst|PERS.=6|NOMB.=p
declairees	déclarer	VERppe	NOMB.=p|GENRE=f
et	et	CONcoo	MORPH=empty
sentencees	sentencier	VERppe	NOMB.=p|GENRE=f
toutes	tout	DETind	NOMB.=p|GENRE=f
aultres	autre	ADJqua	NOMB.=p|GENRE=f
facons	façon	NOMcom	NOMB.=p|GENRE=f
et	et	CONcoo	MORPH=empty
observations	observation	NOMcom	NOMB.=p|GENRE=f
que	que	CONsub	MORPH=empty
celles	celui	PROdem	NOMB.=p|GENRE=f
du	de_le	PRE.DETdef	NOMB.=s|GENRE=m
seul	seul	ADJqua	NOMB.=s|GENRE=m
sauveur	sauveur	NOMcom	NOMB.=s|GENRE=m
Jesus	Jésus	NOMpro	NOMB.=s|GENRE=m
erronees	erroné	ADJqua	NOMB.=p|GENRE=f
et	et	CONcoo	MORPH=empty
hereticques	hérétique	ADJqua	NOMB.=p|GENRE=f
/	/	PONfbl	MORPH=empty
et	et	CONcoo	MORPH=empty
tous	tout	DETind	NOMB.=p|GENRE=m
ceulx	celui	PROdem	NOMB.=p|GENRE=m
qui	qui	PROrel	NOMB.=p|GENRE=m|CAS=n
en	en	ADVgen	MORPH=empty
usent	user	VERcjg	MODE=ind|TEMPS=pst|PERS.=6|NOMB.=p
sont	être	VERcjg	MODE=ind|TEMPS=pst|PERS.=6|NOMB.=p
mauldictz	maudit	ADJqua	NOMB.=p|GENRE=m
et	et	CONcoo	MORPH=empty
excommuniez	excommunier	VERppe	NOMB.=p|GENRE=m
et	et	CONcoo	MORPH=empty
anathematisez	anathématiser	VERppe	NOMB.=p|GENRE=m
comme	comme	CONsub	MORPH=empty
hereticques	hérétique	ADJqua	NOMB.=p|GENRE=m
et	et	CONcoo	MORPH=empty
errans	errant	VERppa	NOMB.=p|GENRE=m
en	en	ADVgen	MORPH=empty
la	le	DETdef	NOMB.=s|GENRE=f
foy	foi	NOMcom	NOMB.=s|GENRE=f
.	.	PONfrt	MORPH=empty
¶	¶	PONfrt	MORPH=empty
Item	item	ADVgen	MORPH=empty
nostre	notre	DETpos	PERS.=4|NOMB.=s|GENRE=m
sainct	saint	ADJqua	NOMB.=s|GENRE=m
pere	père	NOMcom	NOMB.=s|GENRE=m
veult	vouloir	VERcjg	MODE=ind|TEMPS=pst|PERS.=3|NOMB.=s
et	et	CONcoo	MORPH=empty
ordonne	ordonner	VERcjg	MODE=ind|TEMPS=pst|PERS.=3|NOMB.=s
que	que	CONsub	MORPH=empty
tous	tout	DETind	NOMB.=p|GENRE=m
les	le	DETdef	NOMB.=p|GENRE=m
confraires	confrère	NOMcom	NOMB.=p|GENRE=m
lesquelz	lequel	PROrel	NOMB.=p|GENRE=m|CAS=n
sont	être	VERcjg	MODE=ind|TEMPS=pst|PERS.=6|NOMB.=p
en	en	ADVgen	MORPH=empty
Jesus	Jésus	NOMpro	NOMB.=s|GENRE=m
par	par	PRE	MORPH=empty
vraye	vrai	ADJqua	NOMB.=s|GENRE=f
et	et	CONcoo	MORPH=empty
vifve	vif	ADJqua	NOMB.=s|GENRE=f
foy	foi	NOMcom	NOMB.=s|GENRE=f
et	et	CONcoo	MORPH=empty
par	par	PRE	MORPH=empty
ainsi	ainsi	ADVgen	MORPH=empty
ont	avoir	VERcjg	MODE=ind|TEMPS=pst|PERS.=6|NOMB.=p
la	le	DETdef	NOMB.=s|GENRE=f
charite	charité	NOMcom	NOMB.=s|GENRE=f
de	de	PRE	MORPH=empty
dieu	dieu	NOMcom	NOMB.=s|GENRE=m
espandue	épandre	VERppe	NOMB.=s|GENRE=f
en	en	ADVgen	MORPH=empty
leurs	leur	DETpos	PERS.=6|NOMB.=p|GENRE=m
cueurs	cœur	NOMcom	NOMB.=p|GENRE=m
par	par	PRE	MORPH=empty
le	le	DETdef	NOMB.=s|GENRE=m
sainct	saint	ADJqua	NOMB.=s|GENRE=m
esperit	esprit	NOMcom	NOMB.=s|GENRE=m
qui	qui	PROrel	NOMB.=s|GENRE=m|CAS=n
leur	il	PROper	PERS.=6|NOMB.=p|GENRE=m|CAS=i
est	être	VERcjg	MODE=ind|TEMPS=pst|PERS.=3|NOMB.=s
donne	donner	VERppe	NOMB.=s|GENRE=m
par	par	PRE	MORPH=empty
ceste	ce	DETdem	NOMB.=s|GENRE=f
union	union	NOMcom	NOMB.=s|GENRE=f
en	en	ADVgen	MORPH=empty
estant	être	VERppa	NOMB.=s|GENRE=m
de	de	PRE	MORPH=empty
ceste	ce	DETdem	NOMB.=s|GENRE=f
noble	noble	ADJqua	NOMB.=s|GENRE=f
confrairie	confrérie	NOMcom	NOMB.=s|GENRE=f
,	,	PONfbl	MORPH=empty
qu'	que	CONsub	MORPH=empty
ilz	il	PROper	PERS.=6|NOMB.=p|GENRE=m|CAS=n
visitent	visiter	VERcjg	MODE=sub|TEMPS=pst|PERS.=6|NOMB.=p
les	le	DETdef	NOMB.=p|GENRE=f
sainctes	saint	ADJqua	NOMB.=p|GENRE=f
stations	station	NOMcom	NOMB.=p|GENRE=f
lesquelles	lequel	PROrel	NOMB.=s|GENRE=f|CAS=n
il	il	PROper	PERS.=3|NOMB.=s|GENRE=m|CAS=n
a	avoir	VERcjg	MODE=ind|TEMPS=pst|PERS.=3|NOMB.=s
ordonne	ordonner	VERppe	NOMB.=s|GENRE=m
,	,	PONfbl	MORPH=empty
non	non	ADVgen	MORPH=empty
point	point	ADVneg	MORPH=empty
de	de	PRE	MORPH=empty
troutter	trouter	VERinf	MORPH=empty
ca	ça	PROdem	NOMB.=s|GENRE=m|CAS=r
ne	ne	ADVneg	MORPH=empty
la	il	PROper	PERS.=3|NOMB.=s|GENRE=f|CAS=r
allant	aller	VERppa	NOMB.=s|GENRE=m
adorer	adorer	VERinf	MORPH=empty
en	en	ADVgen	MORPH=empty
Hierusalem	Jérusalem	NOMpro	NOMB.=s|GENRE=x
/	/	PONfbl	MORPH=empty
a	à	PRE	MORPH=empty
Romme	Rome	NOMpro	NOMB.=s|GENRE=x
/	/	PONfbl	MORPH=empty
en	en	ADVgen	MORPH=empty
Galice	Galice	NOMpro	NOMB.=s|GENRE=x
/	/	PONfbl	MORPH=empty
visitant	visiter	VERppa	NOMB.=s|GENRE=m
les	le	DETdef	NOMB.=p|GENRE=m
temples	temple	NOMcom	NOMB.=p|GENRE=m
materielz	matériel	ADJqua	NOMB.=p|GENRE=m
/	/	PONfbl	MORPH=empty
faisant	faire	VERppa	NOMB.=s|GENRE=m
inclinations	inclination	NOMcom	NOMB.=p|GENRE=f
et	et	CONcoo	MORPH=empty
reverences	révérence	NOMcom	NOMB.=p|GENRE=f
aux	à_le	PRE.DETdef	NOMB.=p|GENRE=f
painctures	peinture	NOMcom	NOMB.=p|GENRE=f
/	/	PONfbl	MORPH=empty
images	image	NOMcom	NOMB.=p|GENRE=f
ou	ou	CONcoo	MORPH=empty
aultre	autre	ADJqua	NOMB.=s|GENRE=f
chose	chose	NOMcom	NOMB.=s|GENRE=f
qui	qui	PROrel	NOMB.=s|GENRE=f|CAS=n
n'	ne	ADVneg	MORPH=empty
a	avoir	VERcjg	MODE=ind|TEMPS=pst|PERS.=3|NOMB.=s
vie	vie	NOMcom	NOMB.=s|GENRE=f
/	/	PONfbl	MORPH=empty
sens	sens	NOMcom	NOMB.=s|GENRE=m
/	/	PONfbl	MORPH=empty
et	et	CONcoo	MORPH=empty
entendement	entendement	NOMcom	NOMB.=s|GENRE=m
,	,	PONfbl	MORPH=empty
les	le	PROper	PERS.=6|NOMB.=p|GENRE=m|CAS=r
baisant	baiser	VERppa	NOMB.=p|GENRE=m
comme	comme	CONsub	MORPH=empty
l'	le	DETdef	NOMB.=s|GENRE=m
on	on	PROind	NOMB.=s|GENRE=m|CAS=n
faict	faire	VERcjg	MODE=ind|TEMPS=pst|PERS.=3|NOMB.=s
les	le	DETdef	NOMB.=p|GENRE=m
os	os	NOMcom	NOMB.=p|GENRE=m
mortz	mort	ADJqua	NOMB.=p|GENRE=m
et	et	CONcoo	MORPH=empty
telles	tel	DETind	NOMB.=p|GENRE=f
choses	chose	NOMcom	NOMB.=p|GENRE=f
,	,	PONfbl	MORPH=empty
en	en	ADVgen	MORPH=empty
donnant	donner	VERppa	NOMB.=s|GENRE=m
de	de	PRE	MORPH=empty
leurs	leur	DETpos	PERS.=6|NOMB.=p|GENRE=m
biens	bien	NOMcom	NOMB.=p|GENRE=m
comme	comme	CONsub	MORPH=empty
les	le	DETdef	NOMB.=p|GENRE=m
larrons	larron	NOMcom	NOMB.=p|GENRE=m
et	et	CONcoo	MORPH=empty
brigans	brigand	NOMcom	NOMB.=p|GENRE=m
et	et	CONcoo	MORPH=empty
faulsaires	faussaire	ADJqua	NOMB.=p|GENRE=m
ont	avoir	VERcjg	MODE=ind|TEMPS=pst|PERS.=6|NOMB.=p
donne	donner	VERppe	NOMB.=s|GENRE=m
entendre	entendre	VERinf	MORPH=empty
jusques	jusque	PRE	MORPH=empty
a	à	PRE	MORPH=empty
present	présent	NOMcom	NOMB.=s|GENRE=m
,	,	PONfbl	MORPH=empty
ce	ce	PROdem	NOMB.=s|GENRE=n|CAS=n
que	que	PROrel	NOMB.=s|GENRE=n|CAS=n
nostre	notre	DETpos	PERS.=4|NOMB.=s|GENRE=m
sainct	saint	ADJqua	NOMB.=s|GENRE=m
pere	père	NOMcom	NOMB.=s|GENRE=m
deffend	défendre	VERcjg	MODE=ind|TEMPS=pst|PERS.=3|NOMB.=s
expressement	expressément	ADVgen	MORPH=empty
/	/	PONfbl	MORPH=empty
anathematisant	anathématiser	VERppa	NOMB.=s|GENRE=m
/	/	PONfbl	MORPH=empty
excommuniant	excommunier	VERppa	NOMB.=s|GENRE=m
/	/	PONfbl	MORPH=empty
et	et	CONcoo	MORPH=empty
donnant	donner	VERppa	NOMB.=s|GENRE=m
sa	son	DETpos	PERS.=3|NOMB.=s|GENRE=f
malediction	malédiction	NOMcom	NOMB.=s|GENRE=f
sur	sur	PRE	MORPH=empty
ceulx	celui	PROdem	NOMB.=p|GENRE=m|CAS=i
qui	qui	PROrel	NOMB.=p|GENRE=m|CAS=n
le	il	PROper	PERS.=3|NOMB.=s|GENRE=m|CAS=r
font	faire	VERcjg	MODE=ind|TEMPS=pst|PERS.=6|NOMB.=p
et	et	CONcoo	MORPH=empty
enseignent	enseigner	VERcjg	MODE=ind|TEMPS=pst|PERS.=6|NOMB.=p
le	il	PROper	PERS.=3|NOMB.=s|GENRE=m|CAS=r
faire	faire	VERinf	MORPH=empty
,	,	PONfbl	MORPH=empty
s'	si	CONsub	MORPH=empty
ilz	il	PROper	PERS.=6|NOMB.=p|GENRE=m|CAS=n
ne	ne	ADVneg	MORPH=empty
retournent	retourner	VERcjg	MODE=ind|TEMPS=pst|PERS.=6|NOMB.=p
et	et	CONcoo	MORPH=empty
delaissent	délaisser	VERcjg	MODE=ind|TEMPS=pst|PERS.=6|NOMB.=p
ces	ce	DETdem	NOMB.=p|GENRE=f
choses	chose	NOMcom	NOMB.=p|GENRE=f
faulses	faux	ADJqua	NOMB.=p|GENRE=f
et	et	CONcoo	MORPH=empty
vaines	vain	ADJqua	NOMB.=p|GENRE=f
,	,	PONfbl	MORPH=empty
prenant	prendre	VERppa	NOMB.=s|GENRE=m
et	et	CONcoo	MORPH=empty
tenant	tenir	VERppa	NOMB.=s|GENRE=m
ce	ce	PROdem	NOMB.=s|GENRE=n|CAS=r
que	que	PROrel	NOMB.=s|GENRE=n|CAS=r
nostre	notre	DETpos	PERS.=4|NOMB.=s|GENRE=m
sainct	saint	ADJqua	NOMB.=s|GENRE=m
pere	père	NOMcom	NOMB.=s|GENRE=m
ordonne	ordonner	VERcjg	MODE=sub|TEMPS=pst|PERS.=3|NOMB.=s
,	,	PONfbl	MORPH=empty
estans	être	VERppa	NOMB.=p|GENRE=m
vrays	vrai	ADJqua	NOMB.=p|GENRE=m
adorateurs	adorateur	NOMcom	NOMB.=p|GENRE=m
,	,	PONfbl	MORPH=empty
servans	servir	VERppa	NOMB.=p|GENRE=m
au	à_le	PRE.DETdef	NOMB.=s|GENRE=m
seul	seul	ADJqua	NOMB.=s|GENRE=m
seigneur	seigneur	NOMcom	NOMB.=s|GENRE=m
dieu	dieu	NOMcom	NOMB.=s|GENRE=m
,	,	PONfbl	MORPH=empty
l'	il	PROper	PERS.=3|NOMB.=s|GENRE=m|CAS=r
adorant	adorant	VERppa	NOMB.=s|GENRE=m
en	en	PRE	MORPH=empty
esperit	esprit	NOMcom	NOMB.=s|GENRE=m
et	et	CONcoo	MORPH=empty
verite	vérité	NOMcom	NOMB.=s|GENRE=f
,	,	PONfbl	MORPH=empty
visitans	visiter	VERppa	NOMB.=p|GENRE=m
ses	son	DETpos	PERS.=3|NOMB.=p|GENRE=f
sainctes	saint	ADJqua	NOMB.=p|GENRE=f
stations	station	NOMcom	NOMB.=p|GENRE=f
.	.	PONfrt	MORPH=empty
Premierement	premièrement	ADVgen	MORPH=empty
visitant	visiter	VERppa	NOMB.=s|GENRE=m
les	le	DETdef	NOMB.=p|GENRE=m
povres	pauvre	NOMcom	NOMB.=p|GENRE=m
qui	qui	PROrel	NOMB.=p|GENRE=m|CAS=n
ont	avoir	VERcjg	MODE=ind|TEMPS=pst|PERS.=6|NOMB.=p
fain	faim	NOMcom	NOMB.=s|GENRE=f
/	/	PONfbl	MORPH=empty
en	en	ADVgen	MORPH=empty
distribuant	distribuer	VERppa	NOMB.=s|GENRE=m
a	à	PRE	MORPH=empty
iceulx	icelui	PROdem	PERS.=6|NOMB.=p|GENRE=m
de	de	PRE	MORPH=empty
leurs	leur	DETpos	PERS.=6|NOMB.=p|GENRE=m
biens	bien	NOMcom	NOMB.=p|GENRE=m
selon	selon	PRE	MORPH=empty
leur	leur	DETpos	PERS.=6|NOMB.=s|GENRE=f
puissance	puissance	NOMcom	NOMB.=s|GENRE=f
et	et	CONcoo	MORPH=empty
comme	comme	CONsub	MORPH=empty
le	le	DETdef	NOMB.=s|GENRE=m
sainct	saint	ADJqua	NOMB.=s|GENRE=m
esperit	esprit	NOMcom	NOMB.=s|GENRE=m
duquel	de_lequel	PRE.PROrel	NOMB.=s|GENRE=m
ilz	il	PROper	PERS.=6|NOMB.=p|GENRE=m|CAS=n
sont	être	VERcjg	MODE=ind|TEMPS=pst|PERS.=6|NOMB.=p
confraires	confrère	NOMcom	NOMB.=p|GENRE=m
les	il	PROper	PERS.=6|NOMB.=p|GENRE=m|CAS=r
inspirera	inspirer	VERcjg	MODE=ind|TEMPS=fut|PERS.=3|NOMB.=s
,	,	PONfbl	MORPH=empty
donnant	donner	VERppa	NOMB.=s|GENRE=m
a	à	PRE	MORPH=empty
manger	manger	VERinf	MORPH=empty
.	.	PONfrt	MORPH=empty
Semblablement	semblablement	ADVgen	MORPH=empty
en	en	ADVgen	MORPH=empty
la	le	DETdef	NOMB.=s|GENRE=f
station	station	NOMcom	NOMB.=s|GENRE=f
de	de	PRE	MORPH=empty
ceulx	celui	PROdem	NOMB.=p|GENRE=m|CAS=i
qui	qui	PROrel	NOMB.=p|GENRE=m|CAS=i
ont	avoir	VERcjg	MODE=ind|TEMPS=pst|PERS.=6|NOMB.=p
soif	soif	NOMcom	NOMB.=s|GENRE=f
,	,	PONfbl	MORPH=empty
distribuant	distribuer	VERppa	NOMB.=s|GENRE=m
aussi	aussi	ADVgen	MORPH=empty
de	de	PRE	MORPH=empty
leurs	leur	DETpos	PERS.=6|NOMB.=p|GENRE=m
biens	bien	NOMcom	NOMB.=p|GENRE=m
/	/	PONfbl	MORPH=empty
leur	il	PROper	PERS.=6|NOMB.=p|CAS=i
donnant	donner	VERppa	NOMB.=s|GENRE=m
a	à	PRE	MORPH=empty
boire	boire	VERinf	MORPH=empty
.	.	PONfrt	MORPH=empty
En	en	PRE	MORPH=empty
la	le	DETdef	NOMB.=s|GENRE=f
station	station	NOMcom	NOMB.=s|GENRE=f
des	de_le	PRE.DETdef	NOMB.=p|GENRE=m
povres	pauvre	NOMcom	NOMB.=p|GENRE=m
nudz	nu	ADJqua	NOMB.=p|GENRE=m
/	/	PRE	MORPH=empty
les	le	PROper	PERS.=6|NOMB.=p|CAS=r
vestant	vêtir	VERppa	NOMB.=s|GENRE=m
.	.	PONfrt	MORPH=empty
En	en	PRE	MORPH=empty
la	le	DETdef	NOMB.=s|GENRE=f
station	station	NOMcom	NOMB.=s|GENRE=f
des	de_le	PRE.DETdef	NOMB.=p|GENRE=m
estrangiers	étranger	NOMcom	NOMB.=p|GENRE=m
qui	qui	PROrel	NOMB.=p|GENRE=m|CAS=n
n'	ne	ADVneg	MORPH=empty
ont	avoir	VERcjg	MODE=ind|TEMPS=pst|PERS.=6|NOMB.=p
lieu	lieu	NOMcom	NOMB.=s|GENRE=m
pour	pour	PRE	MORPH=empty
soy	se	PROper	PERS.=3|NOMB.=s|GENRE=m|CAS=r
retirer	retirer	VERinf	MORPH=empty
/	/	PONfbl	MORPH=empty
les	il	PROper	PERS.=6|NOMB.=p|GENRE=m
logeant	loger	VERppa	NOMB.=s|GENRE=m
.	.	PONfrt	MORPH=empty
En	en	PRE	MORPH=empty
la	le	DETdef	NOMB.=s|GENRE=f
station	station	NOMcom	NOMB.=s|GENRE=f
des	de_le	PRE.DETdef	NOMB.=p|GENRE=m
malades	malade	NOMcom	NOMB.=p|GENRE=m
/	/	PONfbl	MORPH=empty
les	le	PROper	PERS.=6|NOMB.=p|GENRE=m|CAS=r
visitant	visiter	VERppa	NOMB.=s|GENRE=m
et	et	CONcoo	MORPH=empty
consolant	consoler	VERppa	NOMB.=s|GENRE=m
.	.	PONfrt	MORPH=empty
En	en	PRE	MORPH=empty
la	le	DETdef	NOMB.=s|GENRE=f
station	station	NOMcom	NOMB.=s|GENRE=f
des	de_le	PRE.DETdef	NOMB.=p|GENRE=m
povres	pauvre	ADJqua	NOMB.=p|GENRE=m
prisonniers	prisonnier	NOMcom	NOMB.=p|GENRE=m
/	/	PONfbl	MORPH=empty
les	le	PROper	PERS.=3|NOMB.=p|GENRE=m|CAS=r
allant	allant	VERppa	NOMB.=s|GENRE=m
veoir	voir	VERinf	MORPH=empty
pour	pour	PRE	MORPH=empty
les	il	PROper	PERS.=3|NOMB.=p|GENRE=m|CAS=r
conforter	conforter	VERinf	MORPH=empty
,	,	PONfbl	MORPH=empty
distribuant	distribuer	VERppa	NOMB.=s|GENRE=m
par	par	PRE	MORPH=empty
tout	tout	ADVgen	MORPH=empty
de	de	PRE	MORPH=empty
leurs	leur	DETpos	PERS.=6|NOMB.=p|GENRE=m
biens	bien	NOMcom	NOMB.=p|GENRE=m
comme	comme	CONsub	MORPH=empty
ilz	il	PROper	PERS.=6|NOMB.=p|GENRE=m|CAS=n
cognoissent	connaître	VERcjg	MODE=sub|TEMPS=pst|PERS.=6|NOMB.=p
expedient	expédier	VERcjg	MODE=sub|TEMPS=pst|PERS.=6|NOMB.=p
selon	selon	PRE	MORPH=empty
leur	leur	DETpos	PERS.=3|NOMB.=s|GENRE=f
puissance	puissance	NOMcom	NOMB.=s|GENRE=f